category_id,internal_id,description,format,weight,brand,units,image_loc,price_date,price,pricebase,promotion,source_id,source_name
B00-01-00,8006,FONT VELLA AGUA MINERAL NATURAL BOTELLA 33 CL,33 CL,8 L,FONT VELLA,1,https://scrape.codeworks.es/imgs/5/10712595890206.jpg,2023-03-12,0.95,0.45,2ª UD 50%,5,DIA
B00-01-10,18225,LANJARON AGUA MINERAL NATURAL BOTELLA TAPÓN SPORT 33 CL,33 CL,330ML,LANJARON,1,https://scrape.codeworks.es/imgs/5/11372482691102.jpg,2023-03-12,0.65,0.52,2ª UD 50%,5,DIA
B00-01-20,14941,"AGUA MINERAL NATURAL KIDS ZOO LANJARON, BOTELLÍN 33 CL",33 CL,,LANJARON,1,https://scrape.codeworks.es/imgs/7/322366_3.jpg,2023-03-12,0.75,,2ª UNIDAD AL 50% DE DESCUENTO,7,CAPRABO
B00-01-30,60913,"FONTAREL ZERO SODIO AGUA MINERAL NATURAL SIN GAS BOTELLA 1,5 L","1,50 L",,FONTAREL,1,https://scrape.codeworks.es/imgs/10/00118630004143____6__325x325.jpg,2023-03-20,0.65,,5€ DE DESCUENTO POR COMPRA SUPERIOR A 20€. INTRODUCE CUPÓN AGUADTO AL FINALIZAR TU PEDIDO. EXCLUSIVO ONLINE.,10,ECI
B00-02-00,7986,PERRIER AGUA MINERAL CON GAS BOTELLA 50 CL,50 CL,1 L,PERRIER,1,https://scrape.codeworks.es/imgs/5/11356987654174.jpg,2023-03-12,1.13,0.69,EL MEJOR PRECIO,5,DIA
B00-02-10,60837,SOLAN DE CABRAS AGUA MINERAL NATURAL SIN GAS BOTELLA 33 CL CON TAPÓN SPORT,33 CL,,SOLAN DE CABRAS,1,https://scrape.codeworks.es/imgs/10/00118630600767____4__325x325.jpg,2023-03-20,0.6,,2ª UNIDAD AL 50% DE DESCUENTO,10,ECI
B00-03-00,14482,"AGUA MINERAL SABOR LIMÓN FONTECELTA BOTELLA DE 1,25 LITROS","1,25 L",400ML,FONTECELTA,1,https://scrape.codeworks.es/imgs/6/11563063541790.jpg,2023-03-12,0.88,0.95,PICTO OFERTA,6,ALCAMPO
B00-03-01,15327,"AGUA CON ZUMO DE NARANJA FONT VELLA LEVITÉ, BOTELLA 1,25 LITROS","1,25 L",1250ML,FONT VELLA,1,https://scrape.codeworks.es/imgs/8/17057340.jpg,2023-03-27,1.75,0.89,2ª UNIDAD -70 %,8,EROSKI
B00-03-02,18231,FONT VELLA LEVITE LIMÓN BOTELLA 1.25 LT,"1,25 L",,FONT VELLA,1,https://scrape.codeworks.es/imgs/5/10681644384286.jpg,2023-03-12,1.99,1.0,2ª UNIDAD -70 %,5,DIA
B00-03-03,10099,"AGUA SABOR MANZANA EROSKI, BOTELLA 1,25 LITROS","1,25 L",,EROSKI,1,https://scrape.codeworks.es/imgs/8/23087372.jpg,2023-03-27,0.99,1.0,"20% DE DESCUENTO POR COMPRAS SUPERIORES A 40 € EN AGUAS, REFRESCOS, CERVEZAS Y ZUMOS NO REFRIGERADOS.",8,EROSKI
B00-03-04,16566,"AGUA MINERAL CARREFOUR CON LIMÓN Y POMELO 1,5 L.","1,50 L",,CARREFOUR,1,https://scrape.codeworks.es/imgs/2/548117_00_1.jpg,2023-03-08,1.39,,,2,"CARREFOUR
"
B00-03-05,16550,"AGUA MINERAL CARREFOUR CON ZUMO DE FRUTAS DEL BOSQUE ZERO SIN AZÚCARES AÑADIDOS 1,5 L.","1,50 L",,CARREFOUR,1,https://scrape.codeworks.es/imgs/2/435080_00_1.jpg,2023-03-08,1.39,0.89,,2,"CARREFOUR
"
B00-03-06,19046,"AGUA MINERAL CON ZUMO DE F. ROJOS S. BENEDETTO, BOTELLÍN 40 CL",40 CL,,SAN BENEDETTO,1,https://scrape.codeworks.es/imgs/8/22388045.jpg,2023-03-10,0.89,0.89,"20% DE DESCUENTO POR COMPRAS SUPERIORES A 30€ EN AGUA, REFRESCOS Y ZUMOS. EXCEPTO EN FRUTERÍA, REFRIGERADOS, NUTRICIÓN Y BIENESTAR",8,EROSKI
B00-03-07,14953,"AGUA CON ZUMO DE PIÑA FONT VELLA LEVITÉ, BOTELLA 1,25 LITROS","1,25 L",1250ML,FONT VELLA,1,https://scrape.codeworks.es/imgs/7/315759_3.jpg,2023-03-12,1.75,1.95,2ª UNIDAD -70 %,7,CAPRABO
B00-03-08,60727,BEBIDA REFRESCANTE A BASE DE AGUA CON GAS Y ZUMO DE LIMÓN Y GUAYABA PERIER 4 UDS.. X 250 ML.,4 X 25 CL,,PERRIER,4,https://scrape.codeworks.es/imgs/6/10980030742558.jpg,2023-03-20,3.12,,,6,ALCAMPO
B00-03-09,60725,BEBIDA REFRESCANTE A BASE DE AGUA CON GAS Y ZUMO DE PIÑA Y MANGO PERRIER 4 UDS. X 250 ML.,4 X 25 CL,,PERRIER,4,https://scrape.codeworks.es/imgs/6/10980032774174.jpg,2023-03-20,3.12,,,6,ALCAMPO
B00-03-10,17060,AGUA MINERAL CON GAS PERRIER SABOR LIMA 50 CL.,50 CL,330ML,PERRIER,1,https://scrape.codeworks.es/imgs/2/051367_00_1.jpg,2023-03-06,1.13,1.12,PRODUCTO EN FOLLETO (14/09/23_27/09/23),2,"CARREFOUR
"
B00-03-11,70347,AGUA MINERAL CON GAS PERRIER SABOR PEPINO-LIMA 50 CL.,50 CL,,PERRIER,1,https://scrape.codeworks.es/imgs/2/288961_00_1.jpg,2023-05-15,0.95,,,2,"CARREFOUR
"
B00-03-12,70351,AGUA MINERAL CON GAS PERRIER SABOR MELOCOTÓN 50 CL.,50 CL,,PERRIER,1,https://scrape.codeworks.es/imgs/2/288883_00_1.jpg,2023-05-15,0.95,,,2,"CARREFOUR
"
B00-03-21,14951,"AGUA CON ZUMO DE LIMÓN FONT VELLA LA LIMONADA, BOTELLA 1,25 LITROS","1,25 L",,FONT VELLA,1,https://scrape.codeworks.es/imgs/7/301406_3.jpg,2023-03-12,1.75,,,7,CAPRABO
B00-03-22,14950,"AGUA CON ZUMO DE LIMÓN FONT VELLA LA LIMONADA ZERO, BOTELLA 1,25 LITROS","1,25 L",,FONT VELLA,1,https://scrape.codeworks.es/imgs/7/339656_3.jpg,2023-03-12,1.75,,"COMPRANDO 3, LA UNIDAD SALE A 0,66 €.",7,CAPRABO
B00-05-00,11533,SOLAN DE CABRAS AGUA MINERAL NATURAL BOTELLA 1.5 LT,"1,50 L",,SOLAN DE CABRAS,1,https://scrape.codeworks.es/imgs/5/10899847118878.jpg,2023-03-12,0.87,0.52,2ª AL -50%,5,DIA
B00-06-00,88349,BRITA GERRA DAIGUA BLAVA STYLE  ,,,BRITA,1,https://scrape.codeworks.es/imgs/4/bc9987f1-2a56-4e53-bf0f-5b85fabe7d71.jpg,2023-09-05,32.95,,,4,BON PREU
B10-00-00,14670,AQUARIUS LIMÓN SIN AZÚCAR LATA 33CL,33 CL,"1,5 L",AQUARIUS,1,https://scrape.codeworks.es/imgs/7/284888_3.jpg,2023-03-12,0.85,4.99,50% DESCUENTO EN LA 2ª UNIDAD,7,CAPRABO
B10-10-00,19376,"BEBIDA ENERGÉTICA SIN AZÚCAR RED BULL ZERO, LATA 25 CL",25 CL,355ML,RED BULL,1,https://scrape.codeworks.es/imgs/7/347957_3.jpg,2023-03-12,1.49,1.84,2A UNITAT 50% DE DESCOMPTE,7,CAPRABO
B30-00-00,71503,EL AGUILA CERVESA ESPECIAL DORADA 6 X 0.2L ,6 X 20 CL,330 ML,EL AGUILA,6,https://scrape.codeworks.es/imgs/4/cea2f128-d6f4-48c8-951a-cfb4a585a1ae.jpg,2023-05-26,3.15,0.87,2ª UD 50% DTO. EN CERVEZA AMSTEL 33 CL,4,BON PREU
B30-10-10,23771,CERVEZA CLÁSICA STEINBURG 12 LATAS X 330 ML ,12 X 33 CL,330 ML,STEINBURG,12,https://scrape.codeworks.es/imgs/1/b6e00eeaff4607255d79a563b5ddd19e.jpg,2023-03-11,3.6,7.32,3X2,1,MERCADONA
B30-20-20,23773,"CERVEZA 0,0% SIN ALCOHOL TOSTADA MAHOU 6 BOTELLINES X 330 ML ",6 X 33 CL,330 ML,MAHOU,6,https://scrape.codeworks.es/imgs/1/b662472fb24c29b3ebc81d5e8edfdaa5.jpg,2023-03-11,6.9,0.69,PRODUCTOS CATALANES,1,MERCADONA
B30-30-30,19349,SHANDY CRUZCAMPO CERVEZA CON LIMÓN PACK 6 BOTELLA 25 CL,6 X 25 CL,,CRUZCAMPO,6,https://scrape.codeworks.es/imgs/5/11189404434462.jpg,2023-03-12,3.15,9.25,PRODUCTOS CATALANES,5,DIA
B60-10-01,14683,"REFRESCO DE COLA SIN AZÚCAR PEPSI MAX, PACK 2X1,75 LITROS","2 X 1,75 L",2 L,PEPSI,2,https://scrape.codeworks.es/imgs/7/352889_3.jpg,2023-03-12,3.3,19.2,50% DESCUENTO EN LA 2ª UNIDAD,7,CAPRABO
B60-10-02,23735,REFRESCO COCA-COLA SIN CAFEÍNA LATA 330 ML,33 CL,330 ML,COCA-COLA,1,https://scrape.codeworks.es/imgs/1/b7ef4e83be23c2c7a39b640f9969e8e4.jpg,2023-03-11,0.74,2.1,"ABANS 2,47€",1,MERCADONA
B60-10-03,18732,PEPSI ZERO AZÚCAR BOTELLA 1.75 LT,"1,75 L",330 ML,PEPSI,1,https://scrape.codeworks.es/imgs/5/11373766639646.jpg,2023-03-23,1.59,8.04,2ª UD 50%,5,DIA
B60-10-04,23737,REFRESCO COCA-COLA ZERO ZERO 12 LATAS X 330 ML ,12 X 33 CL,330 ML,COCA-COLA,12,https://scrape.codeworks.es/imgs/1/d75c5c700447299ab2ecbec0873aced2.jpg,2023-03-11,9.12,8.04,"ABANS 4,0€",1,MERCADONA
B60-10-05,60195,COCA-COLA REFRESC DE COLA LIGHT EN AMPOLLA 2L ,2 L,330 ML,COCA-COLA,1,https://scrape.codeworks.es/imgs/4/08521cbe-8872-416e-8a22-1e53c44e30cc.jpg,2023-03-16,2.19,20.64,3€ DE DESCUENTO POR COMPRA SUPERIOR A 12€. INTRODUCE CUPÓN REFRESCODTO AL FINALIZAR TU PEDIDO. EXCLUSIVO ONLINE.,4,BON PREU
B60-10-07,67795,COCA COLA SABOR VANILLA LATA 33 CL.,33 CL,,COCA-COLA,1,https://scrape.codeworks.es/imgs/2/894273_00_1.jpg,2023-05-07,1.39,,,2,"CARREFOUR
"
B60-10-09,68655,REFRESCO DE COLA Y LIMA ZERO PEPSI MAX PACK DE 6 LATAS X 33 CL.,6 X 33 CL,,PEPSI MAX,6,https://scrape.codeworks.es/imgs/6/12077457440798.jpg,2023-05-08,3.63,,OFERTA VÁLIDA HASTA EL 27/06/2023,6,ALCAMPO
B60-10-16,14686,"REFRESCO DE COLA AL LIMÓN SIN AZÚCAR COCA COLA, LATA 33 CL",33 CL,,COCA-COLA,1,https://scrape.codeworks.es/imgs/7/346803_3.jpg,2023-03-12,0.85,0.89,2ª UNIDAD -50 %,7,CAPRABO
B60-10-18,65043,"REFRESCO CHERRY COKE ZERO COCA COLA, LATA 33 CL",33 CL,,COCA-COLA,1,https://scrape.codeworks.es/imgs/8/20070611.jpg,2023-05-05,0.88,0.89,2ª UNIDAD -50 %,8,EROSKI
B60-10-19,14915,"REFRESCO DE COLA CON LIMA SIN AZÚCAR PEPSI MAX, LATA 33 CL",33 CL,,PEPSI,1,https://scrape.codeworks.es/imgs/7/346804_3.jpg,2023-03-12,0.75,1.74,2ª UNIDAD -50 %,7,CAPRABO
B60-10-25,65787,COCA-COLA LIGHT SIN CAFEÍNA LATA 33 CL,33 CL,,COCA-COLA,1,https://scrape.codeworks.es/imgs/5/11423704776734.jpg,2023-05-06,0.9,0.89,LA CESTA QUE ENAMORA,5,DIA
B60-10-99,69354,"REFRESCO DE COLA SIN AZÚCAR COCA COLA COKE CREATIONS, LATA 33 CL",33 CL,,COCA COLA,1,https://scrape.codeworks.es/imgs/7/363204_3.jpg,2023-05-13,0.98,,,7,CAPRABO
B60-20-00,14682,"REFRESCO DE LIMA LIMÓN S/ AZÚCAR SEVEN UP FREE, BOTELLA 2 LITROS",2 L,2 L,SEVEN UP,1,https://scrape.codeworks.es/imgs/7/316294_3.jpg,2023-03-12,1.55,0.53,OFERTA VÁLIDA HASTA EL 30/05/2023,7,CAPRABO
B60-20-01,14911,"EROSKI REFRESCO ISOTÓNICO LIMÓN SIN AZÚCAR 1,5L","1,50 L",2 L,EROSKI,1,https://scrape.codeworks.es/imgs/7/315974_3.jpg,2023-03-12,1.06,1.3,EL MEJOR PRECIO,7,CAPRABO
B60-20-02,19528,"REFRESCO NARANJA CON GAS SIN AZÚCAR SCHWEPPES ZERO, LATA 25 CL",25 CL,2 L,SCHWEPPES,1,https://scrape.codeworks.es/imgs/8/25291048.jpg,2023-03-10,0.79,3.34,2ª UNIDAD -50 %,8,EROSKI
B60-20-03,64602,"REFRESCO DE MANZANA SIN GAS BOTELLA 1,5 L","1,50 L","1,5 L",HACENDADO,1,https://scrape.codeworks.es/imgs/1/1bd0147b72fa60f19ecc8751b194cb83.jpg,2023-05-03,1.0,0.65,OFERTA VÁLIDA HASTA EL 16/05/2023,1,MERCADONA
B60-20-04,19581,"REFRESCO SIN AZÚCAR TROPICAL CAPRI SUN FRUIT CRUSH, BOLSA 20 CL",20 CL,1500ML,CAPRI SUN,1,https://scrape.codeworks.es/imgs/8/25227505.jpg,2023-03-10,0.65,1.65,PICTO OFERTA,8,EROSKI
B60-20-05,67170,FANTA REFRESC DE SÍNDRIA EN AMPOLLA 2L ,2 L,,FANTA,1,https://scrape.codeworks.es/imgs/4/ea70bb75-f0c9-40ad-932c-32b96cfbcc1a.jpg,2023-05-06,1.75,,2A UNITAT 50% DE DESCOMPTE,4,BON PREU
B60-20-07,66136,"SCHWEPPES CITRUS REFRESCO DE MANDARINA, LIMA, NARANJA Y POMELO CON GAS LATA 33 CL",33 CL,,SCHWEPPES,1,https://scrape.codeworks.es/imgs/10/00118616401560____1__325x325.jpg,2023-05-06,0.89,0.95,"20% DE DESCUENTO POR COMPRAS SUPERIORES A 30€ EN AGUA, REFRESCOS Y ZUMOS. EXCEPTO EN FRUTERÍA, REFRIGERADOS, NUTRICIÓN Y BIENESTAR",10,ECI
B60-20-08,64578,GINGER ALE SCHWEPPES 8 LATAS X 330 ML ,8 X 33 CL,330 ML,SCHWEPPES,8,https://scrape.codeworks.es/imgs/1/67ec2b64e5c9cd41a5fcf2b34c7b5ab8.jpg,2023-05-03,7.04,1.92,2ª UNIDAD -50 %,1,MERCADONA
B60-20-09,75919,FANTA STRAWBERRY&KIWI LATA 33 CL.,33 CL,,FANTA,1,https://scrape.codeworks.es/imgs/2/684554_00_1.jpg,2023-06-30,1.65,,,2,"CARREFOUR
"
B60-20-11,18235,VIWA REFRESCO VITAMIN INMUNITY SABOR A LIMÓN ZERO BOTELLA 600 ML,60 CL,330 ML,VIWA,1,https://scrape.codeworks.es/imgs/5/11092372389918.jpg,2023-03-12,1.75,1.65,2ª UNIDAD -50 %,5,DIA
B60-20-12,22982,REFRESCO FANTA NARANJA ZERO AZÚCARES AÑADIDOS LATA 330 ML,33 CL,330 ML,FANTA,1,https://scrape.codeworks.es/imgs/1/8ce3424591bd0a8718f33eedbc56ac05.jpg,2023-03-12,0.7,3.34,2ª UNIDAD -50 %,1,MERCADONA
B60-20-13,19423,"REFRESCO DE MANZANA SIN AZÚCAR TRINA, BOTELLA 1,5 LITROS","1,50 L",,TRINA,1,https://scrape.codeworks.es/imgs/8/17005067.jpg,2023-03-10,1.65,,2ª UNIDAD -50 %,8,EROSKI
B60-20-15,18204,FANTA SANDÍA SIN AZÚCAR LATA 33 CL,33 CL,330ML,FANTA,1,https://scrape.codeworks.es/imgs/5/11364491657246.jpg,2023-03-23,0.75,1.75,"1,50 €",5,DIA
B60-20-18,65142,"GINGER SCHWEPPES, LATA 25 CL",25 CL,,SCHWEPPES,1,https://scrape.codeworks.es/imgs/8/18672592.jpg,2023-05-05,0.79,1.16,2ª UNIDAD -50 %,8,EROSKI
B60-40-00,64574,TÓNICA HACENDADO 6 LATAS X 330 ML ,6 LATAS X 330 ML,330 ML,HACENDADO,1,https://scrape.codeworks.es/imgs/1/3cab078455cfa9d522a46c3e9c02957f.jpg,2023-05-03,2.28,1.85,PICTO OFERTA,1,MERCADONA
B60-40-01,64569,TÓNICA ORIGINAL SCHWEPPES 8 LATAS X 330 ML ,8 X 33 CL,330 ML,SCHWEPPES,8,https://scrape.codeworks.es/imgs/1/8673e815f054f0c55b14cf9296a4689a.jpg,2023-05-03,7.36,1.85,2ª UNIDAD -50 %,1,MERCADONA
B60-40-02,65123,"TÓNICA LIGHT SCHWEPPES, BOTELLA 1 LITRO",1 L,1000ML,SCHWEPPES,1,https://scrape.codeworks.es/imgs/8/3946167.jpg,2023-05-05,1.85,1.85,2ª UNIDAD -50 %,8,EROSKI
B60-40-03,22915,TÓNICA ZERO CALORÍAS SCHWEPPES 8 LATAS X 330 ML ,8 X 33 CL,330 ML,SCHWEPPES,8,https://scrape.codeworks.es/imgs/1/54146c948aa02b618020e37b77bb5133.jpg,2023-03-12,7.04,1.85,2ª UNIDAD -50 %,1,MERCADONA
B60-40-04,64580,TÓNICA PINK SCHWEPPES 8 LATAS X 330 ML ,8 X 33 CL,330 ML,SCHWEPPES,8,https://scrape.codeworks.es/imgs/1/b0f0c8a1aef59772133ba7f95b19574d.jpg,2023-05-03,7.04,1.85,2ª UNIDAD -50 %,1,MERCADONA
B60-41-00,14690,"BITTER SIN AZÚCAR MARE ROSSO, PACK 4X20 CL",4 X 20CL,330 ML,MARE ROSSO,4,https://scrape.codeworks.es/imgs/7/348473_3.jpg,2023-03-12,2.84,0.99,LA CESTA QUE ENAMORA,7,CAPRABO
B60-41-11,5871,BITTER SIN AZÚCAR Y SIN ALCOHOL BITTER KAS ZERO LATA 33 CL.,33 CL,,BITTER KAS ZERO,1,https://scrape.codeworks.es/imgs/6/11690112581662.jpg,2023-03-14,0.94,,2A UNITAT 50% DE DESCOMPTE,6,ALCAMPO
B60-42-00,7086,"BEBIDA DE TÉ AL LIMÓN SIN AZÚCAR PRODUCTO ALCAMPO BOTELLA DE 1,5 L.","1,50 L",330 ML,ALCAMPO,1,https://scrape.codeworks.es/imgs/6/9823030476830.jpg,2023-03-12,0.94,1.3,PICTO OFERTA,6,ALCAMPO
B60-42-01,64590,"REFRESCO TÉ SABOR LIMÓN HACENDADO BOTELLA 1,5 L","1,50 L","1,5 L",HACENDADO,1,https://scrape.codeworks.es/imgs/1/afde9a6efd3f655698d43ffd63a99402.jpg,2023-05-03,0.95,0.9,2ª UNIDAD AL 50% DE DESCUENTO,1,MERCADONA
B60-42-11,18220,NESTEA REFRESCO DE TÉ AL LIMÓN SIN AZÚCAR LATA 33 CL,33 CL,"1,5 L",NESTEA,1,https://scrape.codeworks.es/imgs/5/10681200640030.jpg,2023-03-23,0.9,0.9,LA CESTA QUE ENAMORA,5,DIA
B60-50-00,65027,"GASEOSA SCHUSS, BOTELLA 1 LITRO",1 L,,SCHUSS,1,https://scrape.codeworks.es/imgs/8/12014767.jpg,2023-05-05,0.75,,2ª UNIDAD -50 %,8,EROSKI
B60-50-01,23313,"GASEOSA HACENDADO GRANDE BOTELLA 1,5 L","1,50 L","1,5 L",HACENDADO,1,https://scrape.codeworks.es/imgs/1/5bb7872ed5fb0c428340f654f2bc9054.jpg,2023-03-12,0.5,1.15,2ª UNIDAD -70 %,1,MERCADONA
B60-50-02,65166,"GASEOSA CON TOQUE DE LIMÓN LA CASERA, LATA 33 CL",33 CL,,LA CASERA,1,https://scrape.codeworks.es/imgs/8/24079642.jpg,2023-05-05,0.6,,2ª UNIDAD -70 %,8,EROSKI
B60-50-03,65192,"GASEOSA CON TOQUE DE HIERBABUENA LA CASERA, LATA 33 CL",33 CL,,LA CASERA,1,https://scrape.codeworks.es/imgs/8/24079659.jpg,2023-05-05,0.6,,2ª UNIDAD -70 %,8,EROSKI
B60-50-04,65168,"GASEOSA CON TOQUE DE MANZANA LA CASERA, LATA 33 CL",33 CL,,LA CASERA,1,https://scrape.codeworks.es/imgs/8/24079634.jpg,2023-05-05,0.6,,2ª UNIDAD -70 %,8,EROSKI
B60-50-11,65802,DIA GASEOSA CERO BOTELLA 50 CL,50 CL,,DIA,1,https://scrape.codeworks.es/imgs/5/10731578785822.jpg,2023-05-06,0.32,1.15,"20% DE DESCUENTO POR COMPRAS SUPERIORES A 40 € EN AGUAS, REFRESCOS, CERVEZAS Y ZUMOS NO REFRIGERADOS.",5,DIA
B90-00-00,59789,AGROFRESC SUC VERD TROPICAL AMB XIA EN AMPOLLA 0.5L ,50 CL,,AGROFRESC,1,https://scrape.codeworks.es/imgs/4/1783704a-d6f5-495e-b5e7-a1d156784bad.jpg,2023-03-20,2.95,,2A UNITAT 50% DE DESCOMPTE,4,BON PREU
B90-00-01,3354,BRICK ZUMO DE NARANJA DON SIMÓN 1L,1 L,1000ML,DON SIMON,1,https://scrape.codeworks.es/imgs/6/8952708497438.jpg,2023-03-12,1.44,1.99,OFERTA VÁLIDA HASTA EL 14/03/2023,6,ALCAMPO
B90-00-02,62528,"ZUMO DE LIMÓN EXPRIMIDO SOLIMON, BOTELLÍN 28 CL",28 CL,1000ML,SOLIMON,1,https://scrape.codeworks.es/imgs/8/11639101.jpg,2023-03-27,1.12,,,8,EROSKI
B90-00-03,70315,ZUMO DE GRANADA 750 ML,1 L,750ML,CARREFOUR,1,https://scrape.codeworks.es/imgs/2/542080_00_1.jpg,2023-05-15,3.9,1.55,CLUB ALCAMPO 10% DTO ACUMULADO EN TU TARJETA,2,"CARREFOUR
"
B90-00-04,3359,ZUMO DE PIÑA DON SIMON BRICK DE 1 L.,1 L,1000ML,DON SIMON,1,https://scrape.codeworks.es/imgs/6/8898187165726.jpg,2023-03-12,1.44,3.69,OFERTA VÁLIDA HASTA EL 09/04/2023,6,ALCAMPO
B90-00-05,3378,ZUMO EXPRIMIDO PIÑA-UVA DON SIMÓN 1 L.,1 L,750ML,SAN SIMÓN,1,https://scrape.codeworks.es/imgs/6/9576344977438.jpg,2023-03-12,1.99,1.99,OFERTA VÁLIDA HASTA EL 16/05/2023,6,ALCAMPO
B90-00-06,62026,ZUMO DE ZANAHORIA ECOLÓGICO DELIZUM BOTELLA 1 L.,1 L,750ML,DELIZUM,1,https://scrape.codeworks.es/imgs/2/611038_00_1.jpg,2023-03-21,2.29,2.25,CLUB ALCAMPO 10% DTO ACUMULADO EN TU TARJETA,2,"CARREFOUR
"
B90-00-07,62033,ZUMO DE FRUTOS ROJOS SIN AZÚCAR AÑADIDO JUVER- DISFRUTA BRIK 1 L.,1 L,,DISFRUTA,1,https://scrape.codeworks.es/imgs/2/392556_00_1.jpg,2023-03-21,2.19,,,2,"CARREFOUR
"
B90-00-08,3360,ZUMO DE MELOCOTÓN DON SIMON BRICK DE 1 L.,1 L,330ML,DON SIMON,1,https://scrape.codeworks.es/imgs/6/8892052078622.jpg,2023-03-12,1.44,1.95,OFERTA VÁLIDA HASTA EL 09/04/2023,6,ALCAMPO
B90-00-09,70324,"ZUMO DE MANZANA, PERA Y FRAMBUESA CARREFOUR BOTELLA 1 L.",1 L,200ML,CARREFOUR,1,https://scrape.codeworks.es/imgs/2/912949_00_1.jpg,2023-05-15,3.65,,3X2,2,"CARREFOUR
"
B90-00-10,3358,ZUMO DE MANZANA DON SIMON BRICK DE 1 L.,1 L,600ML,DON SIMON,1,https://scrape.codeworks.es/imgs/6/8869553766430.jpg,2023-03-12,1.44,2.29,OFERTA VÁLIDA HASTA EL 09/04/2023,6,ALCAMPO
B90-00-11,3364,ZUMO DE TOMATE DON SIMON BRICK DE 1 L.,1 L,1000ML,DON SIMON,1,https://scrape.codeworks.es/imgs/6/8885127348254.jpg,2023-03-12,1.39,3.09,OFERTA VÁLIDA HASTA EL 09/04/2023,6,ALCAMPO
B90-00-12,3376,ZUMO EXPRIMIDO DE MANDARINA DON SIMON BRICK DE 1 L.,1 L,300G,DON SIMON,1,https://scrape.codeworks.es/imgs/6/9627374485534.jpg,2023-03-12,1.81,,OFERTA VÁLIDA HASTA EL 16/05/2023,6,ALCAMPO
B90-00-13,3372,ZUMO EXPRIMIDO TROPICAL DON SIMON BRICK DE 1 L.,1 L,990ML,DON SIMON,1,https://scrape.codeworks.es/imgs/6/9627372355614.jpg,2023-03-12,1.95,3.59,70% DESCUENTO EN LA 2ª UNIDAD,6,ALCAMPO
B90-10-01,18208,DISFRUTA NÉCTAR SIN AZÚCAR NARANJA ENVASE 2 LT,20 CL,2000ML,DISFRUTA,1,https://scrape.codeworks.es/imgs/5/10676564066334.jpg,2023-03-23,3.69,1.95,OFERTA VÁLIDA HASTA EL 27/03/2023,5,DIA
B90-10-04,3395,"NÉCTAR SIN AZÚCAR AÑADIDO DE PIÑA DON SIMON DISFRUTA BOTELLA DE 1,5 L.","1,50 L",2000ML,DON SIMON DISFRUTA,1,https://scrape.codeworks.es/imgs/6/10454296625182.jpg,2023-03-12,1.94,1.95,30% DESCUENTO EN LA 2ª UNIDAD,6,ALCAMPO
B90-10-05,4730,DON SIMON PREMIUM NÉCTAR DE MANGO Y UVA A PARTIR DE CONCENTRADO BOTELLA 1 L,1 L,,DON SIMON,1,https://scrape.codeworks.es/imgs/10/00118633600715____11__325x325.jpg,2023-03-12,1.85,,2ª UNIDAD AL 50% DE DESCUENTO,10,ECI
B90-10-06,4092,"NÉCTAR NARANJA ZANAHORIA MANGO SIN AZÚCAR AÑ. PET 1,5 L","1,50 L",,DON SIMON,1,https://scrape.codeworks.es/imgs/9/7119118_001.jpg,2023-03-17,1.95,1.95,PICTO OFERTA,9,CONSUM
B90-10-07,61975,NÉCTAR DE FRUTOS ROJOS CARREFOUR BRIK 1 L.,1 L,1000ML,CARREFOUR,1,https://scrape.codeworks.es/imgs/2/870957_00_1.jpg,2023-03-21,1.2,,PRODUCTO EN FOLLETO (02/08/23_16/08/23),2,"CARREFOUR
"
B90-10-08,3396,"NÉCTAR SIN AZÚCAR AÑADIDO DE MELOCOTÓN DON SIMON DISFRUTA BOTELLA DE 1,5 L.","1,50 L",2000ML,DON SIMON DISFRUTA,1,https://scrape.codeworks.es/imgs/6/11563055972382.jpg,2023-03-12,1.94,2.75,EL MEJOR PRECIO,6,ALCAMPO
B90-10-09,61987,NÉCTAR DE PERA CARREFOUR BRIK 1 L.,1 L,,CARREFOUR,1,https://scrape.codeworks.es/imgs/2/870668_00_1.jpg,2023-03-21,1.1,2.89,,2,"CARREFOUR
"
BA0-00-00,11653,"ACEITE MOTOR 4T 15W,",30 G,,KRAFFT,1,https://scrape.codeworks.es/imgs/6/9162558079006.jpg,2023-03-12,6.1,39.9,,6,ALCAMPO
D00-10-00,10454,BUITONI FORNO DI PIETRA PIZZA VEGETAL CALABACÍN PIMIENTOS Y ACEITUNAS ESTUCHE 370 G,370 G,1 KG,BUITONI,1,https://scrape.codeworks.es/imgs/10/00118950101057____8__325x325.jpg,2023-03-12,4.39,1.05,-20%,10,ECI
D00-20-00,80597,"PEPINILLOS SABOR ANCHOA RIOVERDE, FRASCO 225 G",225 G,670 G (370 G ESCURRIDO),RIOVERDE,1,https://scrape.codeworks.es/imgs/8/19564772.jpg,2023-07-25,2.59,,4X3,8,EROSKI
D00-20-01,87099,PEPINILLOS PEQUEÑOS HACENDADO TARRO 420 G (230 G ESCURRIDO),TARRO,420 G (230 G ESCURRIDO),HACENDADO,1,https://scrape.codeworks.es/imgs/1/fc106359baf380f5f0cbc2136ac6d419.jpg,2023-08-29,1.5,,EL MEJOR PRECIO,1,MERCADONA
D00-20-02,9297,"PIZZA DIAVOLA (PICANTE) CON PEPPERONI, GUINDILLAS Y MASA FINA Y CRUJIENTE BUITONI FORNO DI PIETRA 340 G",340 G,285 G (125 G ESCURRIDO),BUITONI  FORNO DI PIETRA,1,https://scrape.codeworks.es/imgs/6/10935288430622.jpg,2023-03-14,4.25,5.45,2ª UNIDAD -30 %,6,ALCAMPO
D00-20-03,80904,"BANDERILLAS PICANTES EROSKI, FRASCO 210 G",210 G,345 G (160 G ESCURRIDO),EROSKI,1,https://scrape.codeworks.es/imgs/8/945535.jpg,2023-07-25,1.85,,4X3,8,EROSKI
D00-20-04,80911,"CEBOLLITAS AGRIDULCES RIOVERDE, FRASCO 225 G",225 G,350 G (190 G ESCURRIDO),RIOVERDE,1,https://scrape.codeworks.es/imgs/8/19564764.jpg,2023-07-25,2.29,,2ª UNIDAD -50 %,8,EROSKI
D00-30-00,77356,FRIT RAVICH TOP CORN PALOMITAS SALADAS BOLSA 80 G,80 G,,FRIT RAVICH,1,https://scrape.codeworks.es/imgs/10/00120974001149____3__325x325.jpg,2023-07-15,1.55,1.55,"COMPRANDO 2, LA 2ª UNIDAD SALE A 0,78 €.",10,ECI
D00-40-00,22954,PATATAS FRITAS SABOR HUEVO FRITO HACENDADO PAQUETE 130 G,130 G,130 G,HACENDADO,1,https://scrape.codeworks.es/imgs/1/fec9ed6c70e6741047142ecc82c4b8e3.jpg,2023-03-12,1.15,2.79,5€ DTO.,1,MERCADONA
D00-50-00,6454,GREFUSA EL PIPONAZO ORIGINAL PIPAS DE GIRASOL BOLSA 195 G,195 G,180 G,GREFUSA,1,https://scrape.codeworks.es/imgs/10/00120975900901____4__325x325.jpg,2023-03-12,2.83,2.19,2ª UNIDAD AL 50% DE DESCUENTO,10,ECI
D00-60-00,4302,BICENTURY POP CORN JORDI CRUZ MINI PALOMITAS BOLSA 70 G,70 G,120 G,BICENTURY,1,https://scrape.codeworks.es/imgs/10/00120744904580____2__325x325.jpg,2023-03-12,1.65,0.99,2ª UNIDAD -50 %,10,ECI
D10-00-00,5888,HARINA DE TRIGO TRADICIONAL NOMEN 1 KG.,1 KG,,NOMEN,1,https://scrape.codeworks.es/imgs/6/10938143735838.jpg,2023-03-23,1.14,,,6,ALCAMPO
D10-10-01,7401,ARROZ LARGO VAPORIZADO LA FALLERA PAQUETE DE 1 KG.,1 KG,1 KG,LA FALLERA,1,https://scrape.codeworks.es/imgs/6/9206267838494.jpg,2023-02-18,1.71,1.88,2ª UNIDAD -30 %,6,ALCAMPO
D10-10-02,7202,ARROZ REDONDO SOS 500 G.,500 G,1 KG,SOS,1,https://scrape.codeworks.es/imgs/6/11563015667742.jpg,2023-02-18,1.14,1.88,2ª UNIDAD -30 %,6,ALCAMPO
D10-10-03,7394,ARROZ BASMATI BRAJMA BRILLANTE 1 KILOGRAMO,500 G,1 KG,BRILLANTE,1,https://scrape.codeworks.es/imgs/6/8899004530718.jpg,2023-02-18,2.34,2.54,2ª UNIDAD -70 %,6,ALCAMPO
D10-10-04,4296,BICENTURY TORTITAS DE ARROZ INTEGRAL BOLSA 130 G,130 G,450 G,BICENTURY,1,https://scrape.codeworks.es/imgs/10/00120744903889____7__325x325.jpg,2023-03-12,1.7,2.45,3X2,10,ECI
D10-10-05,7197,ARROZ BOMBA NOMEN 1 KG,1 KG,1000G,NOMEN,1,https://scrape.codeworks.es/imgs/6/11975828635678.jpg,2023-02-18,3.83,5.63,2ª UNIDAD -70 %,6,ALCAMPO
D10-10-06,80606,"ARROZ EXTRA EROSKI BASIC, PAQUETE 1 KG",1 KG,,EROSKI,1,https://scrape.codeworks.es/imgs/8/300434.jpg,2023-07-25,1.3,,EL MEJOR PRECIO,8,EROSKI
D10-10-07,4609,GALLINA BLANCA RISOTTO A LA PARMESANA SOBRE 175 G,175 G,500G,GALLINA BLANCA,1,https://scrape.codeworks.es/imgs/10/00118005500352____9__325x325.jpg,2023-03-12,2.49,2.79,2ª UNIDAD AL 50% DE DESCUENTO,10,ECI
D10-30-01,19633,"COUS COUS LA MOLISANA, PAQUETE 1 KG",1 KG,1 KG,LA MOLISANA,1,https://scrape.codeworks.es/imgs/8/19539550.jpg,2023-03-10,3.49,,2A UNITAT 50% DE DESCOMPTE,8,EROSKI
D10-40-11,23150,FUSILLI 100% LENTEJAS ROJAS FELICIA PAQUETE 250 G,PAQUETE,250 G,FELICIA,1,https://scrape.codeworks.es/imgs/1/9a8ba1e1b0f1e3a33ebad2baf8d60edf.jpg,2023-03-12,1.65,3.14,SIN GLUTEN,1,MERCADONA
D10-40-12,6093,"PASTA FUSILLI 100% GARBANZOS DALLA COSTA, PAQUETE 250 G",250 G,1 KG,COSTA,1,https://scrape.codeworks.es/imgs/7/332359_3.jpg,2023-03-14,3.81,3.81,2ª UNIDAD -50 %,7,CAPRABO
D10-40-13,73369,"GARDENIERS CREMA DE COLIFLOR CON ALUBIA BLANCA ECOLÓGICA, SIN GLUTEN Y SIN LACTOSA FRASCO 490 G",490 G,1 KG,GARDENIERS,1,https://scrape.codeworks.es/imgs/10/00120752301794____1__325x325.jpg,2023-05-27,3.75,3.8,50% DE REGALO POR COMPRAS SUPERIORES A 10 € PARA TU PRÓXIMA COMPRA,10,ECI
D10-40-21,81071,"LENTEJA COCIDAS EROSKI BASIC, FRASCO 400 G",400 G,570 G (400 G ESCURRIDO),EROSKI,1,https://scrape.codeworks.es/imgs/8/446641.jpg,2023-07-25,0.87,1.69,2ª UNIDAD -40 %,8,EROSKI
D10-40-22,80604,"GARBANZO COCIDO LUENGO, FRASCO 400 G",400 G,570 G (400 G ESCURRIDO),LUENGO,1,https://scrape.codeworks.es/imgs/8/11851565.jpg,2023-07-25,1.3,1.35,2ª UNIDAD -40 %,8,EROSKI
D10-40-23,81066,"ALUBIA BLANCA COCIDA LUENGO, FRASCO 400 G",400 G,570 G (400 G ESCURRIDO),LUENGO,1,https://scrape.codeworks.es/imgs/8/11848504.jpg,2023-07-25,1.3,1.35,2ª UNIDAD -40 %,8,EROSKI
D10-50-00,5723,GALLO PLUMA Nº6 PAQUETE 450 GR,450 G,,GALLO,1,https://scrape.codeworks.es/imgs/5/11285494988830.jpg,2023-03-23,1.38,1.82,OFERTA VÁLIDA HASTA EL 27/03/2023,5,DIA
D10-50-01,5738,LA MOLISANA PASTA RIGATONI Nº31 PAQUETE 500 GR,500 G,500G,LA MOLISANA,1,https://scrape.codeworks.es/imgs/5/11139432579102.jpg,2023-03-12,1.94,2.05,3X2,5,DIA
D10-50-02,5959,"PASTA FARFALLE, CON VEGETALES PRODUCTO ALCAMPO PAQUETE 500 G.",500 G,,ALCAMPO,1,https://scrape.codeworks.es/imgs/6/9762400469022.jpg,2023-03-23,0.94,1.85,2ª UNIDAD -50 %,6,ALCAMPO
D10-50-03,3079,PASTA ESPAGUETIS CON 3 QUESOS Y GORGONZOLA GALLINA BLANCA SOBRE DE 175 G.,175 G,500 G,GALLINA BLANCA,1,https://scrape.codeworks.es/imgs/6/11731967115294.jpg,2023-03-12,1.98,1.79,EROSKI,6,ALCAMPO
D10-50-04,16119,DIA AL DIANTE MACARRONES PAQUETE 500 GR,500 G,500 G,DIA,1,https://scrape.codeworks.es/imgs/5/11062165569566.jpg,2023-03-23,0.79,1.9,2ª UNIDAD AL 50% DE DESCUENTO,5,DIA
D10-50-05,14732,"PASTA PENNE RIGATE SCHAR, CAJA 500 G",500 G,500G,SCHAR,1,https://scrape.codeworks.es/imgs/7/328719_3.jpg,2023-03-12,3.59,2.76,SIN GLUTEN,7,CAPRABO
D10-50-06,11522,DIA AL DIANTE TALLARINES PAQUETE 500 GR,500 G,190 G,DIA,1,https://scrape.codeworks.es/imgs/5/10712856559646.jpg,2023-03-23,0.81,3.39,2ª AL -50%,5,DIA
D10-50-07,7358,"PASTA ESPIRALES,PASTA ROMERO 500 GR.",500 G,250G,ROMERO,1,https://scrape.codeworks.es/imgs/6/9011063521310.jpg,2023-03-12,1.05,0.95,EROSKI,6,ALCAMPO
D10-50-08,23139,HÉLICES CON VEGETALES HACENDADO PAQUETE 1 KG,PAQUETE,1 KG,HACENDADO,1,https://scrape.codeworks.es/imgs/1/16d1436a6d1040689749d1c8c48c1a23.jpg,2023-03-12,1.45,1.7,PICTO OFERTA,1,MERCADONA
D10-50-09,5953,PASTA ORIENTAL DE POLLO MAGGI 71 G.,71 G,500 G,MAGGI,1,https://scrape.codeworks.es/imgs/6/11864244944926.jpg,2023-03-23,0.86,5.95,EROSKI,6,ALCAMPO
D10-50-10,6886,SOPA DE POLLO CON FIDEOS MAGGI SOBRE DE 82 G.,82 G,309 G,MAGGI,1,https://scrape.codeworks.es/imgs/6/8899002630174.jpg,2023-03-12,0.8,1.75,OFERTA VÁLIDA HASTA EL 13/03/2023,6,ALCAMPO
D10-51-01,14718,"ENSALADA DE PASTA, RÚCULA, POLLO Y QUESO FLORETTE, BOWL 315 G",315 G,250 G,FLORETTE,1,https://scrape.codeworks.es/imgs/7/309246_3.jpg,2023-03-12,3.31,4.45,EROSKI,7,CAPRABO
D10-52-01,11936,BUITONI PASTA FRESCA CAPPELLETTI RELLENA DE JAMÓN 2 RACIONES ENVASE 230 G,230 G,250 G,BUITONI,1,https://scrape.codeworks.es/imgs/10/00118845103235____6__325x325.jpg,2023-03-12,2.81,3.29,2ª UNIDAD AL 50% DE DESCUENTO,10,ECI
D10-52-21,73442,EL CORTE INGLES PASTA FRESCA AL HUEVO SPAGUETTI 2 RACIONES ENVASE 250 G,250 G,,EL CORTE INGLES,1,https://scrape.codeworks.es/imgs/10/00118845103482____3__325x325.jpg,2023-05-27,1.38,,REGALO DE 5 € PARA TU PRÓXIMA COMPRA,10,ECI
D10-52-22,7386,PASTA TORTELLINI RELLENOS QUESO KNORR 250 G.,250 G,250 G,KNORR,1,https://scrape.codeworks.es/imgs/6/11668740407326.jpg,2023-03-23,2.01,2.99,2ª AL -50%,6,ALCAMPO
D10-52-23,12833,"RAVIOLIS DE PASTA FRESCA, RELLENOS DE UNA EXQUISITA MEZCLA 4 QUESOS BUITONI 230 G.",230 G,250 G,BUITONI,1,https://scrape.codeworks.es/imgs/6/12075788206110.jpg,2023-03-14,2.71,,OFERTA VÁLIDA HASTA EL 09/04/2023,6,ALCAMPO
D10-52-24,74809,FUSILLIS DE PASTA FRESCA CON SALSA FRESCA DE 4 QUESOS ITALIANOS RANA 371 G.,371 G,,RANA,1,https://scrape.codeworks.es/imgs/6/12167810711582.jpg,2023-06-01,4.7,,,6,ALCAMPO
D10-52-25,68510,TAGLIOLINI DE PASTA FRESCA AL HUEVO EMMA GIORDANI 250 G.,250 G,,EMMA GIORDANI,1,https://scrape.codeworks.es/imgs/6/9699929489438.jpg,2023-05-08,1.42,,,6,ALCAMPO
D10-52-27,73595,GAROFALO PASTA FRESCA MEZZELUNE RELLENA DE PROSCIUTTO DI PARMA Y PARMIGIANO REGGIANO ENVASE 230 G 2 RACIONES,230 G,,GAROFALO,1,https://scrape.codeworks.es/imgs/10/00118845103540____1__325x325.jpg,2023-05-27,3.1,,2ª UNIDAD AL 50% DE DESCUENTO,10,ECI
D10-52-28,2582,PLACAS DE LASAÑA Y CANELONES FRESCAS AL HUEVO CARREFOUR ORIGINAL 250 G.,250 G,500G,CARREFOUR,1,https://scrape.codeworks.es/imgs/2/761147_00_1.jpg,2023-03-18,1.3,2.39,PICTO OFERTA,2,"CARREFOUR
"
D10-53-01,23236,FIDEOS ORIENTALES YATEKOMO SABOR POLLO GALLINA BLANCA 3 VASOS X 60 G ,3 VASOS X 60 G,93 G,GALLINA BLANCA,1,https://scrape.codeworks.es/imgs/1/bde5f7df1eadb5403aa7f30937a0d42e.jpg,2023-03-12,3.95,1.08,3X2,1,MERCADONA
D20-00-00,72881,ALBO CALDO GALLEGO SIN GLUTEN LATA 425 G NETO ESCURRIDO,425 G,,ALBO,1,https://scrape.codeworks.es/imgs/10/00118030200259____3__325x325.jpg,2023-05-26,2.75,,"POR COMPRAS SUPERIORES A 8€, REGALO DE UNA VARIEDAD DE VINO BACH, LATA 250 ML. EXCLUSIVO ONLINE.",10,ECI
D20-01-00,3036,ANETO CALDO NATURAL DE VERDURAS ENVASE 1 LT,1 L,1 L,ANETO,1,https://scrape.codeworks.es/imgs/5/11277148061726.jpg,2023-03-12,3.99,7.25,2ª UNIDAD -50 %,5,DIA
D20-01-01,3608,"CALDO ECO DE VERDURAS ANETO, BRIK 1 LITRO",1 L,,ANETO,1,https://scrape.codeworks.es/imgs/8/14396634.jpg,2023-03-23,5.25,5.95,70% DESCUENTO EN LA 2ª UNIDAD,8,EROSKI
D20-01-02,4695,ANETO CALDO DE ZANAHORIA ECOLÓGICO PACK 2 ENVASE 250 ML,"2 X 0,25L",,ANETO,2,https://scrape.codeworks.es/imgs/10/00118002200196____2__325x325.jpg,2023-03-12,2.8,,,10,ECI
D20-02-00,8033,"CALDO DE POLLO GALLINA BLANCA, PACK 2X1 LITRO",2 X 1L,1 L,GALLINA BLANCA,2,https://scrape.codeworks.es/imgs/8/15732092.jpg,2023-03-23,4.19,7.25,2X1,8,EROSKI
D20-02-01,6909,CALDO POLLO ECOLÓGICO COSTA ECO 1 L.,1 L,,COSTA ECO,1,https://scrape.codeworks.es/imgs/6/8960227934238.jpg,2023-03-12,3.81,5.25,EROSKI,6,ALCAMPO
D20-02-02,3037,ANETO CALDO DE POLLO BAJO EN SAL ENVASE 1 LT,1 L,1 L,ANETO,1,https://scrape.codeworks.es/imgs/5/11277142491166.jpg,2023-03-12,3.99,7.69,2ª UNIDAD AL 50% DE DESCUENTO,5,DIA
D20-02-02-A,3124,CALDO NATURAL DE POLLO 0% SAL ANETO 1 L,1 L,1000ML,ANETO,1,https://scrape.codeworks.es/imgs/6/11304165277726.jpg,2023-03-14,3.75,3.99,LA CESTA QUE ENAMORA,6,ALCAMPO
D20-02-03,8285,GALLO CALDO NATURAL DE POLLO CON JAMÓN IBÉRICO ENVASE 2 X 1 LT,2 X 1L,,GALLO,2,https://scrape.codeworks.es/imgs/5/11285500231710.jpg,2023-03-12,2.99,2.99,2ª UNIDAD -70 %,5,DIA
D20-02-04,3420,GALLINA BLANCA GOURMET CALDO DE POLLO 100% NATURAL ENVASE 1 LT,1 L,,GALLINA BLANCA,1,https://scrape.codeworks.es/imgs/5/11188885717022.jpg,2023-03-12,2.99,3.15,70% DESCUENTO EN LA 2ª UNIDAD,5,DIA
D20-02-05,18120,CALDO DE POLLO SUAVE GALLINA BLANCA BRIK DE 1 L,1 L,1000ML,GALLINA BLANCA,1,https://scrape.codeworks.es/imgs/6/11731998310430.jpg,2023-03-14,2.08,2.29,2A UNITAT 50% DE DESCOMPTE,6,ALCAMPO
D20-02-06,3013,EL PAVO CALDO NATURAL DE POLLO DE CORRAL BOTELLA 1 LT,1 L,1000ML,EL PAVO,1,https://scrape.codeworks.es/imgs/5/11332915789854.jpg,2023-03-12,3.75,3.69,OFERTA VÁLIDA HASTA EL 14/03/2023,5,DIA
D20-03-00,5633,DIA CALDO DE PESCADO ENVASE 1 LT,1 L,1 L,DIA,1,https://scrape.codeworks.es/imgs/5/9526606102558.jpg,2023-03-12,1.2,8.55,2ª UNIDAD AL 50% DE DESCUENTO,5,DIA
D20-03-01,62293,ANETO CALDO DE PESCADO CON VERDURAS DE PROCEDENCIA ECOLÓGICA 100% NATURAL ENVASE 1 L SIN GLUTEN Y SIN LACTOSA,1 L,,ANETO,1,https://scrape.codeworks.es/imgs/10/00118002200105____7__325x325.jpg,2023-03-24,5.25,,"COMPRANDO 2, LA 2ª UNIDAD SALE A 2,75 €.",10,ECI
D20-04-00,3872,"CALDO DE JAMÓN ANETO, BRIK 500 ML",50 CL,,ANETO,1,https://scrape.codeworks.es/imgs/7/305872_3.jpg,2023-03-12,2.95,4.5,2ª UNIDAD -50 %,7,CAPRABO
D20-05-00,3532,"CALDO CASERO DE CARNE GALLINA BLANCA, BRIK 1 LITRO",1 L,1000ML,GALLINA BLANCA,1,https://scrape.codeworks.es/imgs/8/15749534.jpg,2023-03-23,2.2,2.29,2ª UNIDAD -50 %,8,EROSKI
D20-06-00,58450,ANETO BROU DE CEBA 1L ,1 L,,ANETO,1,https://scrape.codeworks.es/imgs/4/6ab5039b-32ad-45d2-b2dd-943aefb1277a.jpg,2023-03-20,5.25,,2A UNITAT 50% DE DESCOMPTE,4,BON PREU
D20-07-00,3539,"CALDO PARA PAELLA FÁCIL GALLINA BLANCA, BRIK 1 LITRO",1 L,1000ML,GALLINA BLANCA,1,https://scrape.codeworks.es/imgs/8/15749856.jpg,2023-03-23,3.3,6.89,2ª UNIDAD -50 %,8,EROSKI
D20-07-01,14605,GALLINA BL CALDO PAELLA CARNE 1L,1 L,1 L,GALLINA BLANCA,1,https://scrape.codeworks.es/imgs/7/327768_3.jpg,2023-03-12,3.3,3.55,2A UNITAT 50% DE DESCOMPTE,7,CAPRABO
D20-07-02,3008,CREMLUX CALDO PARA PAELLA DE MARISCO ENVASE 1LT,1 L,1 L,CREMLUX,1,https://scrape.codeworks.es/imgs/5/11148716802078.jpg,2023-03-12,2.35,5.65,2ª UNIDAD AL 50% DE DESCUENTO,5,DIA
D20-07-03,3871,ANETO CALDO NATURAL ARROZ NEGRO 1L,1 L,1 L,ANETO,1,https://scrape.codeworks.es/imgs/7/308638_3.jpg,2023-03-12,6.5,6.79,"COMPRANDO 3, LA UNIDAD SALE A 4,33 €.",7,CAPRABO
D20-07-04,2984,GALLINA BLANCA CALDO PARA PAELLA MIXTA ENVASE 1 LT,1 L,1000ML,GALLINA BLANCA,1,https://scrape.codeworks.es/imgs/5/11171883483166.jpg,2023-03-12,3.3,3.35,2ª UNIDAD AL 50% DE DESCUENTO,5,DIA
D20-07-05,76463,CALDO PARA PAELLA FÁCIL DE MARISCO 100% NATURAL GALLINA BLANCA SIN GLUTEN PACK DE 2 BRIKS DE 1 L.,1 L,1000ML,GALLINA BLANCA,1,https://scrape.codeworks.es/imgs/2/992427_00_1.jpg,2023-07-11,5.39,6.09,2X1 ACUMULACIÓN,2,"CARREFOUR
"
D20-08-00,15821,GALLINA BLANCA FUMET DE PESCADO ENVASE 1 LT,1 L,950 G,GALLINA BLANCA,1,https://scrape.codeworks.es/imgs/5/11341029933086.jpg,2023-03-12,3.29,5.95,70% DESCUENTO EN LA 2ª UNIDAD,5,DIA
D20-09-00,70553,CALDO NATURAL DE ALCACHOFA ECOLÓGICO ANETO SIN GLUTEN Y SIN LACTOSA 1 L.,1 L,,ANETO,1,https://scrape.codeworks.es/imgs/2/979418_00_1.jpg,2023-05-15,5.25,,,2,"CARREFOUR
"
D20-10-00,4621,GALLINA BLANCA CALDO PARA FIDEUÁ DE MARISCO FÁCIL SIN GLUTEN ENVASE 1 L,1 L,,GALLINA BLANCA,1,https://scrape.codeworks.es/imgs/10/00118002002865____7__325x325.jpg,2023-03-12,3.3,5.65,70% DESCUENTO EN LA 2ª UNIDAD,10,ECI
D20-11-00,8034,"CALDO CASERO DE COCIDO GALLINA BLANCA, PACK 2X1 LITRO",2 X 1L,1 L,GALLINA BLANCA,2,https://scrape.codeworks.es/imgs/8/18982488.jpg,2023-03-23,4.19,2.99,2ª UNIDAD -50 %,8,EROSKI
D20-11-01,5639,ANETO CALDO NATURAL DE COCIDO MADRILEÑO ENVASE 1 LT,1 L,1000ML,ANETO,1,https://scrape.codeworks.es/imgs/5/11277150027806.jpg,2023-03-12,4.55,4.79,3X2,5,DIA
D20-11-02,3100,CALDO CASERO NATURAL COCIDO DE BERZA ANETO 1 L.,1 L,,ANETO,1,https://scrape.codeworks.es/imgs/6/11460243882014.jpg,2023-03-14,5.22,,,6,ALCAMPO
D20-11-03,14870,GARRIGA CALDO DE ESCUDELLA 1L,1 L,1 L,GARRIGA,1,https://scrape.codeworks.es/imgs/7/326441_3.jpg,2023-03-12,4.95,2.39,PRODUCTO DEL VALLÈS ORIENTAL,7,CAPRABO
D20-11-04,2983,GALLINA BLANCA CALDO CASERO DE PUCHERO ENVASE 1 LT,1 L,1000ML,GALLINA BLANCA,1,https://scrape.codeworks.es/imgs/5/11209496756254.jpg,2023-03-12,2.19,8.15,2ª UNIDAD AL 50% DE DESCUENTO,5,DIA
D20-12-00,3599,"CALDO DE NAVIDAD ANETO, BRIK 1 LITRO",1 L,1500ML,ANETO,1,https://scrape.codeworks.es/imgs/8/11001443.jpg,2023-03-23,4.99,5.45,SUPER PRECIO,8,EROSKI
D20-13-00,3104,CALDO CON SOFRITO PARA PAELLA DE CARNE Y VERDURAS 100% NATURAL ANETO BRIK DE 1 L.,1 L,1000ML,ANETO,1,https://scrape.codeworks.es/imgs/6/11304152924190.jpg,2023-03-14,6.49,,"ABANS 5,25€",6,ALCAMPO
D21-00-00,19371,ACTIBRAN CREMA DE ALMENDRAS TARRO 180 GR,180 G,,ACTIBRAN,1,https://scrape.codeworks.es/imgs/5/11299911696414.jpg,2023-03-12,3.89,3.05,2ª UNIDAD -50 %,5,DIA
D21-01-01,18457,KNORR CREMA DE CALABAZA ENVASE 500 ML,1 L,250 G,KNORR,1,https://scrape.codeworks.es/imgs/5/11155122552862.jpg,2023-03-12,2.25,1.25,OFERTA,5,DIA
D21-01-02,18170,GALLINA BLANCA SOPINSTANT CREMA DE ESPÁRRAGOS CAJA 3 UDS 57 GR,57 G,500ML,SOPINSTANT,1,https://scrape.codeworks.es/imgs/5/11188894859294.jpg,2023-03-12,1.45,2.25,2A UNITAT 50% DE DESCOMPTE,5,DIA
D21-01-03,3048,CREMA DE CHAMPIÑÓNES GALLINA BLANCA 62 G.,62 G,62G,GALLINA BLANCA,1,https://scrape.codeworks.es/imgs/6/11731772112926.jpg,2023-03-14,0.84,2.39,2A UNITAT 50% DE DESCOMPTE,6,ALCAMPO
D21-01-04,18458,KNORR CREMA DE VERDURAS MEDITERRÁNEAS ENVASE 500 ML,50 CL,365G,KNORR,1,https://scrape.codeworks.es/imgs/5/10832067461150.jpg,2023-03-12,2.25,1.25,2ª UNIDAD AL 50% DE DESCUENTO,5,DIA
D21-01-05,3418,GALLINA BLANCA SOPINSTANT CREMA DE POLLO CON PICATOSTES CAJA 63 GR,63 G,63G,SOPINSTANT,1,https://scrape.codeworks.es/imgs/5/11188688060446.jpg,2023-03-12,1.45,1.55,2ª UNIDAD AL 50% DE DESCUENTO,5,DIA
D21-01-06,2996,GALLINA BLANCA CREMA CASERA DE POLLO CON VERDURAS ENVASE 500 ML,50 CL,500ML,GALLINA BLANCA,1,https://scrape.codeworks.es/imgs/5/11188888076318.jpg,2023-03-12,1.99,2.25,2A UNITAT 50% DE DESCOMPTE,5,DIA
D21-01-07,62652,"CREMA DE MARISCO DESHIDRATADO KNORR GOURMET, SOBRE 72 G",72 G,,KNORR,1,https://scrape.codeworks.es/imgs/8/25522467.jpg,2023-03-27,1.8,12.95,2ª UNIDAD -50 %,8,EROSKI
D21-01-08,18451,DIA AL PUNTO CREMA DE CALABACÍN CON QUESO ENVASE 500 ML,500 G,365G,DIA,1,https://scrape.codeworks.es/imgs/5/10985289023518.jpg,2023-03-12,1.25,1.25,OFERTA,5,DIA
D21-01-09,62233,"CREMA DE ZANAHORIAS Y PUERROS KNORR, BRIK 500 ML",0485L,,KNORR,1,https://scrape.codeworks.es/imgs/8/24317117.jpg,2023-03-27,2.29,4.95,2ª UNIDAD -50 %,8,EROSKI
D21-01-10,6903,CREMA DE CALABACÍN Y ESPINACAS LIGERESA KNORR BRIK 500 ML.,340 G,,KNORR LIGERESA,1,https://scrape.codeworks.es/imgs/6/11485339451422.jpg,2023-03-12,2.08,2.59,2ª UNIDAD -50 %,6,ALCAMPO
D22-00-00,3531,"SOPA DE POLLO CON FIDEOS GALLINA BLANCA, PACK 3X71 G",71 G,71 G,GALLINA BLANCA,1,https://scrape.codeworks.es/imgs/8/13409461.jpg,2023-03-23,2.29,2.55,2ª UNIDAD AL 50% DE DESCUENTO,8,EROSKI
D24-00-00,3953,GAZPACHO SUAVE 1 L,1 L,1000ML,CONSUM,1,https://scrape.codeworks.es/imgs/9/7150311_001.jpg,2023-03-17,1.75,6.99,2ª UNIDAD AL 50% DE DESCUENTO,9,CONSUM
D25-00-00,3958,SALMOREJO 1 L,1 L,1000ML,CONSUM,1,https://scrape.codeworks.es/imgs/9/7281525_001.jpg,2023-03-17,2.15,3.69,5€ DE DESCUENTO POR COMPRA SUPERIOR A 15€. INTRODUCE CUPÓN DESPENSADTO AL FINALIZAR TU PEDIDO. EXCLUSIVO ONLINE.,9,CONSUM
D26-00-00,62403,ALVALLE AJOBLANCO ENVASE 1 L,1 L,,ALVALLE,1,https://scrape.codeworks.es/imgs/10/00118851200412____3__325x325.jpg,2023-03-24,3.99,,5€ DE DESCUENTO POR COMPRA SUPERIOR A 15€. INTRODUCE CUPÓN DESPENSADTO AL FINALIZAR TU PEDIDO. EXCLUSIVO ONLINE.,10,ECI
D30-10-00,18258,DIA ALMAZARA DEL OLIVAR ACEITE OLIVA GARRAFA 5 LT,5 L,1 L,DIA,1,https://scrape.codeworks.es/imgs/5/10722664087582.jpg,2023-03-12,24.75,8.75,EROSKI SELEQTIA,5,DIA
D30-10-01,18240,DIA ALMAZARA DEL OLIVAR ACEITE DE OLIVA VIRGEN BOTELLA 1 LT,1 L,3 L,DIA,1,https://scrape.codeworks.es/imgs/5/10689543012382.jpg,2023-03-12,5.49,8.75,PRECIO OFERTA,5,DIA
D30-10-10,11554,CARBONELL ACEITE DE OLIVA VIRGEN EXTRA SPRAY  200 ML,20 CL,1 L,CARBONELL,1,https://scrape.codeworks.es/imgs/5/11349022965790.jpg,2023-03-12,3.09,40.95,PRODUCTO DE LA NOGUERA,5,DIA
D30-10-11,18247,ORO DE GENAVE ACEITE DE OLIVA VIRGEN EXTRA ECOLÓGICO BOTELLA 500 ML,50 CL,1000ML,ORO DE GÉNAVE,1,https://scrape.codeworks.es/imgs/5/10945393360926.jpg,2023-03-12,5.3,35.08,PRODUCTO ECOLÓGICO,5,DIA
D30-10-12,61703,MARQUES DE GRIÑON ACEITE DE OLIVA VIRGEN EXTRA ARBEQUINA BOTELLA 500 ML,50 CL,1000ML,MARQUES DE GRIÑON,1,https://scrape.codeworks.es/imgs/10/00120903203394____1__325x325.jpg,2023-03-23,9.68,9.1,PRODUCTO DEL BAIX CAMP,10,ECI
D30-10-13,61698,BORGES ACEITE DE OLIVA VIRGEN EXTRA PICUAL BOTELLA 750 ML,75 CL,500 ML,BORGES,1,https://scrape.codeworks.es/imgs/10/00120903200218____1__325x325.jpg,2023-03-23,6.49,8.79,PRECIO OFERTA,10,ECI
D30-10-14,11551,HOJIBLANCA ACEITE DE OLIVA VIRGEN EXTRA BOTELLA 1 LT,1 L,1000ML,HOJIBLANCA,1,https://scrape.codeworks.es/imgs/5/11349288714270.jpg,2023-03-12,8.89,26.2,PRECIO OFERTA,5,DIA
D30-10-20,18260,DIA ALMAZARA DEL OLIVAR ACEITE DE OLIVA INTENSO BOTELLA 1 LT,1 L,1000ML,DIA,1,https://scrape.codeworks.es/imgs/5/10840123637790.jpg,2023-03-12,4.99,8.3,"5,99 €",5,DIA
D30-10-30,18256,DIA ALMAZARA DEL OLIVAR ACEITE DE OLIVA SUAVE GARRAFA 5 LT,5 L,1 L,DIA,1,https://scrape.codeworks.es/imgs/5/10722661138462.jpg,2023-03-12,24.75,8.3,EL MEJOR PRECIO,5,DIA
D30-20-00,11546,DIASOL ACEITE REFINADO DE GIRASOL ESPECIAL PARA FREÍR BOTELLA 1 LT,1 L,1 L,DIASOL,1,https://scrape.codeworks.es/imgs/5/10815702532126.jpg,2023-03-12,3.48,2.85,PRECIO OFERTA,5,DIA
D30-20-01,9583,ACEITE DE GIRASOL ALTO OLEICO CAPICUA BOTELLA DE 1 L.,1 L,1000ML,CAPICUA,1,https://scrape.codeworks.es/imgs/6/8880155525150.jpg,2023-03-12,4.54,2.75,PICTO OFERTA,6,ALCAMPO
D30-20-02,9693,ACEITE DE GIRASOL Y SOJA CON OMEGA 3 LA ESPAÑOLA SOY PLUS BOTELLA DE 1 L.,1 L,1000ML,LA ESPAÑOLA,1,https://scrape.codeworks.es/imgs/6/8952445927454.jpg,2023-03-14,4.33,,,6,ALCAMPO
D30-20-03,15354,"ACEITE DE GIRASOL ESPECIAL PARA FREIR COOSOL, BOTELLA 1 LITRO",1 L,,COOSOL,1,https://scrape.codeworks.es/imgs/8/15923329.jpg,2023-03-08,2.39,3.62,2ª UNIDAD -70 %,8,EROSKI
D30-30-01,9551,ACEITE DE MAÍZ KOIPESOL ASUA BOTELLA DE 1 L.,1 L,,KOIPE  ASUA,1,https://scrape.codeworks.es/imgs/6/9823033819166.jpg,2023-03-12,3.64,3.24,LA CESTA QUE ENAMORA,6,ALCAMPO
D30-40-01,15122,"ACEITE ESPECIAL PARA FREIR KOIPE FRITOS, BOTELLA 1 LITRO",1 L,,KOIPE,1,https://scrape.codeworks.es/imgs/7/328341_3.jpg,2023-03-12,3.68,3.65,2ª UNIDAD -70 %,7,CAPRABO
D30-50-00,9555,ACEITE AROMÁTICO CON PIMIENTA CAYENA Y ESPECIAS BORGES 200 ML,20 CL,,BORGES,1,https://scrape.codeworks.es/imgs/6/10979993714718.jpg,2023-03-12,4.13,5.68,"COMPRANDO 2, LA 2ª UNIDAD SALE A 2,88 €.",6,ALCAMPO
D30-50-01,11547,LA ESPAÑOLA ACEITE DE OLIVA VIRGEN EXTRA AL AJO BOTELLA 250 ML,25 CL,150G,LA ESPAÑOLA,1,https://scrape.codeworks.es/imgs/5/10910547607582.jpg,2023-03-12,2.99,2.99,OFERTA VÁLIDA HASTA EL 27/06/2023,5,DIA
D30-50-02,61825,LA ESPAÑOLA ACEITE DE OLIVA VIRGEN EXTRA A LA TRUFA BLANCA BOTELLA 250 ML,25 CL,,LA ESPAÑOLA,1,https://scrape.codeworks.es/imgs/10/00120903500468____2__325x325.jpg,2023-03-23,2.99,,,10,ECI
D30-50-03,62140,LA ESPAÑOLA ACEITE DE OLIVA VIRGEN EXTRA A LA GUINDILLA BOTELLA 250 ML,25 CL,,LA ESPAÑOLA,1,https://scrape.codeworks.es/imgs/10/00120903500039____2__325x325.jpg,2023-03-23,2.99,,,10,ECI
D30-60-01,9548,ACEITE DE SEMILLAS LA MASÍA 5 L.,5 L,1000ML,LA MASÍA  FENÓMENO,1,https://scrape.codeworks.es/imgs/6/9406791024670.jpg,2023-03-12,13.99,2.49,PICTO OFERTA,6,ALCAMPO
D30-70-01,11544,DIA ALMAZARA DEL OLIVAR ACEITE DE ORUJO DE OLIVA BOTELLA 1 LT,1 L,5000ML,DIA,1,https://scrape.codeworks.es/imgs/5/10661489639454.jpg,2023-03-12,3.71,4.49,OFERTA VÁLIDA HASTA EL 14/03/2023,5,DIA
D30-80-01,18251,BIO PARA TODOS ACEITE DE COCO FRASCO 225 ML,"22,5 CL",450 ML,BIO PER TOTS,1,https://scrape.codeworks.es/imgs/5/10516315439134.jpg,2023-03-12,4.09,9.95,PRODUCTO ECOLÓGICO,5,DIA
D30-90-00,61924,ACEITE DE SÉSAMO ECOLÓGICO LA MASIA 250 ML.,25 CL,,LA MASIA,1,https://scrape.codeworks.es/imgs/6/9425050337310.jpg,2023-03-21,3.28,,OFERTA VÁLIDA HASTA EL 16/05/2023,6,ALCAMPO
D30-90-01,11537,LA ESPAÑOLA ACEITE DE AGUACATE BOTELLA 250 ML,25 CL,250ML,LA ESPAÑOLA,1,https://scrape.codeworks.es/imgs/5/11327181389854.jpg,2023-03-12,5.99,9.95,3X2,5,DIA
D31-10-00,61584,ACETO BALSÁMICO DI MÓDENA 250 ML,25 CL,250ML,FERRARINI,1,https://scrape.codeworks.es/imgs/9/7305162_001.jpg,2023-03-23,1.95,2.15,PICTO OFERTA,9,CONSUM
D31-10-01,9557,"ALIÑO MEDITTERRÁNEO (ACEITE, VINAGRE MÒDENA, SAL) YBARRA 125 GR",125 G,250 ML,YBARRA,1,https://scrape.codeworks.es/imgs/6/9257279979550.jpg,2023-03-12,1.78,3.59,2ª UNIDAD -30 %,6,ALCAMPO
D31-10-02,62074,CREMA DE VINAGRE BALSÁMICO DE FRAMBUESA BORGES 210 ML.,025KG,250G,BORGES,1,https://scrape.codeworks.es/imgs/2/280740_00_1.jpg,2023-03-21,3.19,3.59,10% DE BONIFICACIÓ TARGETA CLIENT,2,"CARREFOUR
"
D31-10-03,23392,CREMA DE VINAGRE BALSÁMICO DE MANZANA HACENDADO BOTELLA 250 G,BOTELLA,250 G,HACENDADO,1,https://scrape.codeworks.es/imgs/1/0746c9997630504c31cf7466af93e815.jpg,2023-03-12,2.7,3.49,70% DESCUENTO EN LA 2ª UNIDAD,1,MERCADONA
D31-20-01,23375,VINAGRE DE VINO BLANCO HACENDADO BOTELLA 1 L,1 L,1 L,HACENDADO,1,https://scrape.codeworks.es/imgs/1/800b96661c0001f45cebc3ee12a4709a.jpg,2023-03-12,0.65,2.09,PICTO OFERTA,1,MERCADONA
D31-20-02,23391,VINAGRE DE VINO TINTO HACENDADO BOTELLA 1 L,1 L,1 L,HACENDADO,1,https://scrape.codeworks.es/imgs/1/fb5cf74e1fa94ca426ccb18936b31dc7.jpg,2023-03-12,0.95,2.09,PRODUCTOS CATALANES,1,MERCADONA
D31-20-03,23378,VINAGRE DE MANZANA HACENDADO BOTELLA 1 L,1 L,1 L,HACENDADO,1,https://scrape.codeworks.es/imgs/1/98d5a34a0d30798bbdc520993f63e542.jpg,2023-03-12,0.82,1.99,2A UNITAT 50% DE DESCOMPTE,1,MERCADONA
D31-20-04,23385,VINAGRE DE JEREZ RESERVA HACENDADO BOTELLA 250 ML,BOTELLA,250 ML,HACENDADO,1,https://scrape.codeworks.es/imgs/1/bfa0c4aabf80adf4cd9a390df6aa7184.jpg,2023-03-12,1.8,1.99,EROSKI,1,MERCADONA
D31-20-05,62106,VINAGRE DE SIDRA DE NUESTRA TIERRA 250 ML.,75 CL,,NUESTRA TIERRA,1,https://scrape.codeworks.es/imgs/2/757688_00_1.jpg,2023-03-21,3.25,,2ª UNIDAD -50 %,2,"CARREFOUR
"
D31-20-06,62068,VINAGRE DE ARROZ CARREFOUR 25 CL.,25 CL,,CARREFOUR,1,https://scrape.codeworks.es/imgs/2/394946_00_1.jpg,2023-03-21,2.79,,,2,"CARREFOUR
"
D32-10-00,23337,ATÚN EN ACEITE DE GIRASOL HACENDADO LATA 900 G (650 G ESCURRIDO),LATA,900 G (650 G ESCURRIDO),HACENDADO,1,https://scrape.codeworks.es/imgs/1/4962e76232f64fde0f9e54bff04e0c08.jpg,2023-03-12,6.8,3.35,2ª UNIDAD -50 %,1,MERCADONA
D32-10-01,9912,"PIZZA FORNO DI PIETRA DE ATÚN BUITONI, CAJA 360 G",360 G,185 G,BUITONI,1,https://scrape.codeworks.es/imgs/8/4588778.jpg,2023-03-23,4.39,1.99,30% DESCUENTO EN LA 2ª UNIDAD,8,EROSKI
D32-10-02,23365,FILETES DE CABALLA DEL SUR EN ACEITE DE OLIVA HACENDADO 2 LATAS X 65 G ,2 LATAS X 65 G,65G,HACENDADO,1,https://scrape.codeworks.es/imgs/1/d21a614d948ee5cc2d1184c720d97c67.jpg,2023-03-12,1.75,1.5,LLEVA 3 Y PAGA 2,1,MERCADONA
D32-10-03,23353,BONITO DEL NORTE EN ACEITE DE OLIVA HACENDADO 2 LATAS X 73 G ,2 LATAS X 73 G,225G,HACENDADO,1,https://scrape.codeworks.es/imgs/1/fb673ab27bfe30ff000710135f01e472.jpg,2023-03-12,3.0,4.09,4X3,1,MERCADONA
D32-10-04,23371,MEJILLÓN AL VAPOR CON LAUREL Y ACEITE HACENDADO BANDEJA 500 G,BANDEJA,500 G,HACENDADO,1,https://scrape.codeworks.es/imgs/1/a29551fba9dc8060af6078af37169551.jpg,2023-03-12,3.75,3.49,2ª UNIDAD -50 %,1,MERCADONA
D32-10-05,23339,SARDINAS EN ACEITE DE OLIVA HACENDADO 2 LATAS X 84 G ,2 LATAS X 84 G,81G,HACENDADO,1,https://scrape.codeworks.es/imgs/1/3aa2b0e14677b85644708695adfe0369.jpg,2023-03-12,1.7,3.65,2ª UNIDAD AL 50% DE DESCUENTO,1,MERCADONA
D32-10-06,80849,"CALAMAR EN SU TINTA CALVO, PACK 3X80 G",80 G,,CALVO,1,https://scrape.codeworks.es/imgs/8/133975.jpg,2023-07-25,3.15,2.49,2ª UNIDAD -50 %,8,EROSKI
D32-10-07,87049,BACALAO A LA VIZCAÍNA LATA 70 GR,70 G,,CABO PEÑAS,1,https://scrape.codeworks.es/imgs/def/noimage.jpg,2023-08-29,2.25,2.49,PICTO OFERTA,9,CONSUM
D32-10-08,80878,"BERBERECHOS AL NATURAL 35-45 EROSKI, LATA 63 G",63 G,,EROSKI,1,https://scrape.codeworks.es/imgs/8/16855603.jpg,2023-07-25,5.99,3.99,PICTO OFERTA,8,EROSKI
D33-00-00,3003,CALDO DESGRASADO DE CARNE ESTUCHE 12 PASTILLAS,12 PASTILLAS,24 UD. (240 G),KNORR,1,https://scrape.codeworks.es/imgs/5/11117777453086.jpg,2023-03-12,0.7,2.99,2ª UNIDAD -50 %,5,DIA
D33-10-01,3004,CALDO DESGRASADO DE VERDURAS ESTUCHE 12 PASTILLAS,12 PASTILLAS,240 G.,AS,1,https://scrape.codeworks.es/imgs/5/11117780074526.jpg,2023-03-12,0.7,0.74,2ª UNIDAD -50 %,5,DIA
D33-20-01,2978,GALLINA BLANCA AVECREM POLLO ESTUCHE 24 PASTILLAS,24 PASTILLAS,24 UD. (240 G),AVECREM,1,https://scrape.codeworks.es/imgs/5/11172406460446.jpg,2023-03-12,2.95,7.65,LA CESTA QUE ENAMORA,5,DIA
D33-30-01,14886,"CALDO DE PESCADO AVECREM, 8+2 PASTILLAS, CAJA 90 G",8 + 2 PASTILLAS,,AVECREM,1,https://scrape.codeworks.es/imgs/7/328694_3.jpg,2023-03-12,1.0,1.65,2ª UNIDAD -50 %,7,CAPRABO
D33-40-01,5632,KNORR DOBLE CALDO DE CARNE ESTUCHE 18 PASTILLAS,18 PASTILLAS,,KNORR,1,https://scrape.codeworks.es/imgs/5/11328316473374.jpg,2023-03-12,1.99,1.13,3X2,5,DIA
D33-50-00,23928,PIMENTÓN DULCE HACENDADO BOTE 56 G,BOTE,56 G,HACENDADO,1,https://scrape.codeworks.es/imgs/1/d01141fdec8c11a291e21f084d94f43c.jpg,2023-03-11,0.9,4.4,3X2,1,MERCADONA
D33-60-00,86751,PRODUCTO ALCAMPO SAL FINA DE MESA PRODUCTO ALCAMPO 1 KG.,1 KG,,PRODUCTO ALCAMPO,1,https://scrape.codeworks.es/imgs/6/46c8690a-faa2-477e-bb6d-900443c10756.jpg,2023-08-28,0.24,,,6,ALCAMPO
D33-60-01,23118,SAL MARINA EN ESCAMAS POLASAL BOTE 125 G,BOTE,125 G,HACENDADO,1,https://scrape.codeworks.es/imgs/1/36bc3658a807997961ec5fda23dd948e.jpg,2023-03-12,1.95,2.99,"COMPRANDO 2, LA 2ª UNIDAD SALE A 0,9 €.",1,MERCADONA
D33-60-02,23050,TORTAS DE ACEITE INÉS ROSALES SIN AZÚCAR PAQUETE 5 UD. (150 G),PAQUETE,5 UD. (150 G),INÉS ROSALES,1,https://scrape.codeworks.es/imgs/1/b9dfe51db77b4ab32d52784495098670.jpg,2023-03-12,2.26,,2ª UNIDAD AL 50% DE DESCUENTO,1,MERCADONA
D33-60-03,62602,"FLOR DE SAL EROSKI SELEQTIA, LATA 125 G",125 G,295G,EROSKI,1,https://scrape.codeworks.es/imgs/8/10711323.jpg,2023-03-27,2.59,3.45,2ª UNIDAD -30 %,8,EROSKI
D33-60-04,62530,"SAL DE MAR MALDON, CAJA 125 G",125 G,125G,MALDON,1,https://scrape.codeworks.es/imgs/8/16013229.jpg,2023-03-27,3.19,,,8,EROSKI
D33-60-05,23382,SAL GRUESA HACENDADO PAQUETE 1 KG,PAQUETE,1 KG,HACENDADO,1,https://scrape.codeworks.es/imgs/1/8b9798cc6f23201e8191711f58368727.jpg,2023-03-12,0.3,,,1,MERCADONA
D33-61-01,79088,PIMIENTA NEGRA MOLIDA VEGECAMPO FRASCO 50 G,50 G,52G,VEGECAMPO,1,https://scrape.codeworks.es/imgs/5/33386_iso_0_es.jpg,2023-07-20,0.79,,,5,DIA
D33-61-02,79099,PIMIENTA BLANCA MOLIDA VEGECAMPO FRASCO 50 G,50 G,50G,VEGECAMPO,1,https://scrape.codeworks.es/imgs/5/56667_iso_0_es.jpg,2023-07-20,1.49,,,5,DIA
D33-61-11,91754,CARMENCITA PIMIENTA NEGRA ENTERA CARMENCITA 47 G.,47 G.,,CARMENCITA,1,https://scrape.codeworks.es/imgs/6/bb8589d4-43aa-4020-9359-c50fa81f9e96.jpg,2023-10-31,2.52,,,6,ALCAMPO
D33-70-00,61583,"ADEREZO DE LIMÓN 0,5 L",50 CL,,CONSUM,1,https://scrape.codeworks.es/imgs/9/7050649_001.jpg,2023-03-21,0.69,,,9,CONSUM
D40-10-00,5685,AZUCARERA AZÚCAR GLASÉ SEDA BOTE 500 GR,500 G,1 KG,AZUCARERA,1,https://scrape.codeworks.es/imgs/5/10981153275934.jpg,2023-03-12,2.75,2.07,EROSKI,5,DIA
D40-10-01,5689,DIA AZÚCAR BLANCO EN SOBRES  50 UDS CAJA 300 GR,300 G,500G,DIA,1,https://scrape.codeworks.es/imgs/5/10572427100190.jpg,2023-03-12,1.15,13.19,2ª UNIDAD AL 50% DE DESCUENTO,5,DIA
D40-10-02,64046,AZÚCAR MORENO DE CAÑA HACENDADO PAQUETE 1 KG,PAQUETE,1 KG,HACENDADO,1,https://scrape.codeworks.es/imgs/1/2568f7139beff545b68423bcee273137.jpg,2023-04-21,1.85,,PRODUCTO EN FOLLETO (18/01/24_31/01/24),1,MERCADONA
D40-10-03,6520,SPECIAL LINE EL CORTE INGLES AZÚCAR MORENO INTEGRAL DE CAÑA BOLSA 1 KG,1 KG,500G,ECI,1,https://scrape.codeworks.es/imgs/10/00120733500050____3__325x325.jpg,2023-03-12,4.89,,REGALO EXCLUSIVO ONLINE: PASCUAL,10,ECI
D40-11-00,5701,NATREEN EDULCORANTE GRANULAR EN SOBRE CAJA 90 UDS,50 G,275G,NATREEN,1,https://scrape.codeworks.es/imgs/5/11349140340766.jpg,2023-03-12,3.99,3.11,OFERTA VÁLIDA HASTA EL 16/05/2023,5,DIA
D40-30-00,61511,NESQUIK CACAU SOLUBLE 0.39KG ,039KG,,NESQUIK,1,https://scrape.codeworks.es/imgs/4/e713714e-1431-4ac9-946b-654e495d33f2.jpg,2023-03-21,2.99,,"LOT ESTALVI A 9,95 EUROS/LOT. CLICA AQUÍ",4,BON PREU
D40-30-01,22974,CACAO SOLUBLE 0% AZÚCARES AÑADIDOS COLACAO BOTE 325 G,BOTE,325 G,HACENDADO,1,https://scrape.codeworks.es/imgs/1/828c75c94160e4048de1e4d4440c14ab.jpg,2023-03-12,3.99,3.99,PRECIO OFERTA,1,MERCADONA
D40-40-00,59861,"LA FAGEDA GELATS MINI CUPS DE CREMA, TORRÓ I CAFÈ 4 X 0.072KG ",2 KG,250 G,LA FAGEDA,1,https://scrape.codeworks.es/imgs/4/0a6e4e7e-8bf7-41c2-a574-44bd0fa84f91.jpg,2023-03-16,6.49,6.06,50% DESCUENTO EN LA 2ª UNIDAD,4,BON PREU
D40-41-00,23722,CAFÉ SOLUBLE SELECCIÓN HACENDADO BOTE 100 G,BOTE,100 G,HACENDADO,1,https://scrape.codeworks.es/imgs/1/244ed1e7ca48621c5ce5ec1dfc1cd628.jpg,2023-03-11,3.15,2.8,EL MEJOR PRECIO,1,MERCADONA
D40-41-02,13036,NESCAFÉ CLASSIC NATURAL - CAFÉ SOLUBLE 100G,100 G,200 G,NESCAFÉ,1,https://scrape.codeworks.es/imgs/7/156906_3.jpg,2023-03-12,4.3,7.89,70% DESCUENTO EN LA 2ª UNIDAD,7,CAPRABO
D40-41-03,23678,CAFÉ SOLUBLE DESCAFEINADO HACENDADO BOTE 200 G,BOTE,200 G,HACENDADO,1,https://scrape.codeworks.es/imgs/1/112aa2d3c995cb6ed9b74e6b7b2993e1.jpg,2023-03-12,3.0,9.85,3X2,1,MERCADONA
D40-42-00,22328,"CAFÉ MOLIDO CREMA E GUSTO LAVAZZA, PAQUETE 250 G",250 G,250 G,LAVAZZA,1,https://scrape.codeworks.es/imgs/7/335926_3.jpg,2023-03-12,3.19,3.25,OFERTA VÁLIDA HASTA EL 27/03/2023,7,CAPRABO
D40-42-01,22329,"CAFÉ MOLIDO EXPRESSO INTENSO LAVAZZA, CAJA 250 G",250 G,112G,LAVAZZA,1,https://scrape.codeworks.es/imgs/7/301570_3.jpg,2023-03-12,4.36,,OFERTA VÁLIDA HASTA EL 28/02/2023,7,CAPRABO
D40-42-02,12921,"CAFÉ MOLIDO DE TUESTE NATURAL, LUNGO INTENSO, I7 PRODUCTO ALCAMPO 16 UDS. 112 G.",112 G,500 G,PRODUCTO ALCAMPO,1,https://scrape.codeworks.es/imgs/6/11204285333534.jpg,2023-03-12,3.29,3.55,PRODUCTOS CATALANES,6,ALCAMPO
D40-42-03,23723,CAFÉ MOLIDO DESCAFEINADO HACENDADO ESPRESSO PAQUETE 250 G,PAQUETE,250 G,HACENDADO,1,https://scrape.codeworks.es/imgs/1/cef2dc242c695768ec2d5f41b167a404.jpg,2023-03-11,2.55,6.09,2ª UD 50%,1,MERCADONA
D40-42-04,13028,SOLEY CAFÉ MOLIDO MEZCLA 250G,250G,500 G,SOLEY,1,https://scrape.codeworks.es/imgs/7/154334_3.jpg,2023-03-12,2.69,1.6,PRODUCTOS CATALANES,7,CAPRABO
D40-42-05,73768,BARCO CAFÉ MOLIDO TORREFACTO PAQUETE 250 G,250 G,,BARCO,1,https://scrape.codeworks.es/imgs/10/00120604401008____1__325x325.jpg,2023-05-27,2.8,,REGALO EXCLUSIVO ONLINE: PASCUAL,10,ECI
D40-43-00,13022,"CAFÉ EN GRANO ESPRESSO LAVAZZA, PAQUETE 500 G",500 G,1 KG,LAVAZZA,1,https://scrape.codeworks.es/imgs/7/350957_3.jpg,2023-03-12,10.49,9.3,2ª UNIDAD -70 %,7,CAPRABO
D40-43-01,21421,"CAFÉ EN GRANO MEZCLA EXPRESSO BAR DELTA, PAQUETE 1 KG",1 KG,500G,DELTA,1,https://scrape.codeworks.es/imgs/8/24142705.jpg,2023-03-08,13.45,,PRODUCTO EN FOLLETO (15/02/24_29/02/24),8,EROSKI
D40-43-02,13049,"CAFÉ EN GRANO NATURAL CLASSIQUE LOR, PAQUETE 500 G",500 G,1 KG,LOR,1,https://scrape.codeworks.es/imgs/7/340046_3.jpg,2023-03-12,11.79,7.99,EL MEJOR PRECIO,7,CAPRABO
D40-43-03,16997,CAFÉ GRANO DESCAFEINADO 500 GR,500 G,500G,CONSUM,1,https://scrape.codeworks.es/imgs/9/7386105_001.jpg,2023-03-23,4.2,12.5,2ª UNIDAD AL 50% DE DESCUENTO,9,CONSUM
D40-44-00,12899,CAFÉ DESCAFEINADO EN CÁPSULAS Nº 6 SAIMAZA 20 UDS.,52 G,250 ML,SAIMAZA,1,https://scrape.codeworks.es/imgs/6/11660524421150.jpg,2023-03-12,4.78,6.29,OFERTA VÁLIDA HASTA EL 31/03/2023,6,ALCAMPO
D40-44-01,21177,"CAFÉ LUNGO (EXPRESSO LARGO) CDG EROSKI, CAJA 16 MONODOSIS",57 G.,88G,EROSKI,1,https://scrape.codeworks.es/imgs/8/22881239.jpg,2023-03-08,3.3,,EROSKI,8,EROSKI
D40-44-02,23715,CAFÉ MONODOSIS NATURAL HACENDADO PAQUETE 32 DOSIS (224 G),PAQUETE,32 DOSIS (224 G),HACENDADO,1,https://scrape.codeworks.es/imgs/1/8b22ee03a7251c27a4490ce6ffb2da87.jpg,2023-03-12,2.15,3.45,3X2,1,MERCADONA
D40-44-03,23721,CAFÉ EN CÁPSULA DESCAFEINADO TASSIMO PAQUETE 16 CÁPSULAS (118 G),PAQUETE,16 CÁPSULAS (118 G),TASSIMO,16,https://scrape.codeworks.es/imgs/1/4106831161c19a1de3773995b3cb3914.jpg,2023-03-11,5.3,15.24,3X2,1,MERCADONA
D40-50-00,20950,"CEREALES RELLENOS DE CHOCO LECHE KELLOGG`S KRAVE, CAJA 410 G",410 G,450 G,KELLOGGS,1,https://scrape.codeworks.es/imgs/8/24856601.jpg,2023-03-08,3.45,3.69,2ª UNIDAD -50 %,8,EROSKI
D40-51-00,15237,"BARRITA DE YOGUR-LIMÓN SUSTITUYE, CAJA 128 G",128 G,,SUSTITUYE,1,https://scrape.codeworks.es/imgs/8/13289236.jpg,2023-03-10,4.79,,2ª UNIDAD -70 %,8,EROSKI
D40-61-00,14902,LINDT CHOCOLATE LECHE SIN AZÚCAR 100G,100G,,LINDT,1,https://scrape.codeworks.es/imgs/7/321857_3.jpg,2023-03-12,3.59,,2ª UNIDAD -50 %,7,CAPRABO
D40-62-02,11514,NOCILLA CREMA DE CACAO 0% AZÚCARES AÑADIDOS VASO 180 GR,180 G,180G,NOCILLA,1,https://scrape.codeworks.es/imgs/5/11302101352478.jpg,2023-03-12,2.99,2.85,PRECIO OFERTA,5,DIA
D40-62-03,18539,MILKA CREMA DE CACAO CON AVELLANAS TARRO 340 GR,340 G,400 G,MILKA,1,https://scrape.codeworks.es/imgs/5/11156770619422.jpg,2023-03-12,3.19,6.75,"ABANS 2,85€",5,DIA
D40-62-04,11515,NOCILLA CREMA DE CACAO CHOCOLATE CON LECHE 0% VASO 180 GR,180 G,,NOCILLA,1,https://scrape.codeworks.es/imgs/5/11350803611678.jpg,2023-03-12,2.99,5.45,PICTO OFERTA,5,DIA
D40-70-00,6232,ALGODÓN DE AZÚCAR 30 GR,30 G,,DEKORA,1,https://scrape.codeworks.es/imgs/9/7358542_001.jpg,2023-03-11,1.15,2.25,2ª AL -70%,9,CONSUM
D40-71-01,15073,"CHICLE DE FRESA SIN AZÚCAR EN GRAGEA TRIDENT, PAQUETE 43,5 G","43,5 G",330ML,TRIDENT,1,https://scrape.codeworks.es/imgs/7/289625_3.jpg,2023-03-12,1.35,3.99,2A UNITAT 50% DE DESCOMPTE,7,CAPRABO
D40-72-01,14917,WERTHERS CARAMELOS SIN AZÚCAR BOLSA 96G,96G,,WERTHERS,1,https://scrape.codeworks.es/imgs/7/187124_3.jpg,2023-03-12,2.09,2.29,2A UNITAT 50% DE DESCOMPTE,7,CAPRABO
D40-80-00,22162,DIA GALLETECA GALLETAS MINI COOKIES CAJA 160 GR,160 G,350 G,DIA,1,https://scrape.codeworks.es/imgs/5/11353901432862.jpg,2023-03-12,1.45,1.99,2ª UD 50%,5,DIA
D40-90-00,13270,INFUSIÓN CON FRUTAS DEL BOSQUE NECTARÁN 100 GRAMOS.,100 G,50G,NECTARÁN,1,https://scrape.codeworks.es/imgs/6/8871005847582.jpg,2023-03-23,2.79,3.85,EROSKI SANNIA,6,ALCAMPO
D40-90-01,23741,INFUSIÓN MENTA POLEO HACENDADO CAJA 20 BOLSITAS (30 G),CAJA,20 BOLSITAS (30 G),HACENDADO,1,https://scrape.codeworks.es/imgs/1/8e4bb23abf682027e15fd477746cb390.jpg,2023-03-11,0.65,2.95,2A UNITAT 50% DE DESCOMPTE,1,MERCADONA
D40-90-02,23767,TÉ ROJO HACENDADO CAJA 20 BOLSITAS (40 G),CAJA,20 BOLSITAS (40 G),HACENDADO,1,https://scrape.codeworks.es/imgs/1/cccdf7d4e4fccc756987a4bf2a284533.jpg,2023-03-11,1.15,8.25,OFERTA VÁLIDA HASTA EL 27/03/2023,1,MERCADONA
D40-90-03,23766,TÉ NEGRO PG TIPS CAJA 40 BOLSITAS (116 G),CAJA,40 BOLSITAS (116 G),PG TIPS,1,https://scrape.codeworks.es/imgs/1/f57b0efdc91994ad86aa6e8843a88876.jpg,2023-03-11,1.75,1.85,PRODUCTOS CATALANES,1,MERCADONA
D40-90-04,23726,FILTROS DE CAFÉ PARA CAFETERAS TAMAÑO 2 Y 4 BOSQUE VERDE CAJA 100 FILTROS,CAJA,100 FILTROS,BOSQUE VERDE,1,https://scrape.codeworks.es/imgs/1/b91e713f26b09a19383a915938d9833c.jpg,2023-03-11,1.95,2.29,50% DESCUENTO EN LA 2ª UNIDAD,1,MERCADONA
D40-91-01,13332,"POLEO MENTA POMPADOUR 25 UDS. X 1,5 G.","1,5 G",25 POR ENVASE,POMPADOUR,1,https://scrape.codeworks.es/imgs/6/11758838644766.jpg,2023-03-12,1.95,2.15,2ª AL -70%,6,ALCAMPO
D40-91-02,13329,"TILA POMPADOUR 25 UDS.X 1,2 G.","1,2 G",5000ML,POMPADOUR,1,https://scrape.codeworks.es/imgs/6/11758839103518.jpg,2023-03-12,1.95,1.99,OFERTA VÁLIDA HASTA EL 27/03/2023,6,ALCAMPO
D40-91-03,18327,DIA MANZANILLA ESTUCHE 25 BOLSITAS,24 G,20 BOLSITAS (27 G),DIA,1,https://scrape.codeworks.es/imgs/5/11254330654750.jpg,2023-03-12,0.7,3.55,2X1 ACUMULACIÓN,5,DIA
D40-91-04,13310,ROOIBOS CON SABOR VAINILLA POMPADOUR 20 UDS. 40 G.,40 G,20 POR ENVASE,POMPADOUR,1,https://scrape.codeworks.es/imgs/6/11758877605918.jpg,2023-03-12,2.64,,OFERTA VÁLIDA HASTA EL 27/03/2023,6,ALCAMPO
D40-91-05,13297,"MULTINFUSIÓN VALERIANA PLUS 5 POMPADOUR 20 SOBRES 40 GR,",40 G,20 POR ENVASE,POMPADOUR,1,https://scrape.codeworks.es/imgs/6/11758881308702.jpg,2023-03-14,2.52,,OFERTA VÁLIDA HASTA EL 27/03/2023,6,ALCAMPO
D50-00-00,59878,BARRETA DE PA EN LOT DE 2 UNITATS 0.24KG ,024KG,500 G,BONPREU,1,https://scrape.codeworks.es/imgs/4/2e9b8f60-300a-444d-bbdd-dd5bda8dbb25.jpg,2023-03-16,0.95,0.9,SIN GLUTEN,4,BON PREU
D50-00-01,16999,BIMBO PAN DE MOLDE SIN CORTEZA 100% NATURAL CON ACEITE DE OLIVA BOLSA 450 G,450 G,,BIMBO,1,https://scrape.codeworks.es/imgs/10/00120654801685____12__325x325.jpg,2023-03-15,2.91,2.65,"DOBLE AHORRO: 50% DE REGALO PARA TU PRÓXIMA COMPRA EN ALIMENTACIÓN, DROGUERÍA Y CUIDADO PERSONAL (EXCEPTO CLUB DEL GOURMET Y PARAFARMACIA). EXCLUSIVO ONLINE",10,ECI
D50-00-02,9730,PAN MAXI BURGUER BRIOCHE BIMBO 4 UDS. 300 G.,300 G,,BIMBO,1,https://scrape.codeworks.es/imgs/6/10834182733854.jpg,2023-03-15,2.67,,4% DE BONIFICACIÓ TARGETA CLIENT,6,ALCAMPO
D50-20-00,7071,PICOS CAMPEROS PRODUCTO ALCAMPO 250 G.,250 G,,ALCAMPO,1,https://scrape.codeworks.es/imgs/6/11496598634526.jpg,2023-03-12,0.89,1.59,2A UNITAT 50% DE DESCOMPTE,6,ALCAMPO
D50-30-00,71501,ABUELOBREAD PA RATLLAT SENSE GLUTEN 0.2KG ,2 KG,,ABUELOBREAD,1,https://scrape.codeworks.es/imgs/4/863f6295-cef3-4be8-9abb-7c16342ef047.jpg,2023-05-26,1.25,,,4,BON PREU
D60-00-00,5879,"HARINA DE TRIGO, ESPECIAL REPOSTERÍA GALLO 1 KG",1 KG,1 KG,GALLO,1,https://scrape.codeworks.es/imgs/6/9304254545950.jpg,2023-03-23,1.59,1.52,OFERTA VÁLIDA HASTA EL 27/03/2023,6,ALCAMPO
D60-02-00,5904,"HARINA DE GARBANZO DON PEDRO 400 GR,",400 G,500 G,DON PEDRO,1,https://scrape.codeworks.es/imgs/6/8895835602974.jpg,2023-03-23,1.18,3.49,PRODUCTO ECOLÓGICO,6,ALCAMPO
D60-03-00,16879,HARINA BIO MAIZENA 200 GR.,200 G,250G,MAIZENA,1,https://scrape.codeworks.es/imgs/6/12054283747358.jpg,2023-03-23,2.08,2.65,LA CESTA QUE ENAMORA,6,ALCAMPO
D60-04-00,5907,HARINA INTEGRAL DE TEFF HARIMSA 400 G.,400 G,310G,HARIMSA,1,https://scrape.codeworks.es/imgs/6/9591099260958.jpg,2023-03-23,3.49,1.63,EROSKI,6,ALCAMPO
D60-04-01,5893,"HARINA DE AVENA INTEGRAL WEIDER 1,9 KG.","1,9 KG",500G,WEIDER,1,https://scrape.codeworks.es/imgs/6/9529067667486.jpg,2023-03-23,8.45,2.95,PRODUCTO ECOLÓGICO,6,ALCAMPO
D60-04-02,14699,"HARINA DE CENTENO INTEGRAL BIO ECOCESTA, PAQUETE 500 G",500 G,400G,ECOCESTA,1,https://scrape.codeworks.es/imgs/7/307455_3.jpg,2023-03-12,2.09,,PRODUCTO ECOLÓGICO,7,CAPRABO
D60-04-03,5892,"HARINA DE TRIGO, ESPELTA INTEGRAL GALLO 1 KG.",1 KG,1 KG,GALLO,1,https://scrape.codeworks.es/imgs/6/9679094153246.jpg,2023-03-23,2.18,2.49,PRODUCTO ECOLÓGICO,6,ALCAMPO
D60-04-04,5878,HARINA INTEGRAL DE TRIGO EL MOLINO DE CERECINOS 500 GR.,500 G,1 KG,MOLINO,1,https://scrape.codeworks.es/imgs/6/12050755321886.jpg,2023-03-23,0.66,1.55,PRODUCTO ECOLÓGICO,6,ALCAMPO
D60-05-00,23086,HARINA DE ARROZ HACENDADO PAQUETE 500 G,PAQUETE,500 G,HACENDADO,1,https://scrape.codeworks.es/imgs/1/e5e50cca8e3d72b5822e0ae518721de7.jpg,2023-03-12,1.16,17.4,ENVÍO GRATIS,1,MERCADONA
D60-06-00,64061,HARINA DE ALMENDRAS BORGES 200 G.,200 G,,BORGES,1,https://scrape.codeworks.es/imgs/2/061034_00_1.jpg,2023-04-19,3.19,6.34,CONSIGUE REGALO EXCLUSIVO ONLINE: BARRITAS KELLOGGS EXTRA,2,"CARREFOUR
"
D60-07-00,73002,ES GARROVER HARINA DE ALGARROBA ECOLÓGICA BOLSA 350 G,350 G,,OBA,1,https://scrape.codeworks.es/imgs/10/00118037901453____2__325x325.jpg,2023-05-26,4.6,4.02,50% DE REGALO POR COMPRAS SUPERIORES A 10 € PARA TU PRÓXIMA COMPRA,10,ECI
D60-08-00,5894,"HARINA DE AVENA SABOR COOKIE WEIDER 1,9 KG.","1,9 KG",350G,WEIDER,1,https://scrape.codeworks.es/imgs/6/9529076547614.jpg,2023-03-23,7.95,15.0,ENVÍO GRATIS,6,ALCAMPO
D60-10-00,5889,HARINA DE TRIGO IDEAL PARA REPOSTERÍA VILLAMAYOR 1 KG.,1 KG,1 KG,VILLAMAYOR,1,https://scrape.codeworks.es/imgs/6/9735869890590.jpg,2023-03-23,1.0,1.55,70% DESCUENTO EN LA 2ª UNIDAD,6,ALCAMPO
D60-10-01,5882,HARINA DE FUERZA DE TRIGO GALLO 1 KG,1 KG,1000G,GALLO,1,https://scrape.codeworks.es/imgs/6/9304231542814.jpg,2023-03-23,1.67,1.63,3X2,6,ALCAMPO
D70-10-00,23886,"LECHE ENTERA ASTURIANA 6 BOTELLAS X 1,5 L ","6 X 1,5 L","1,5 L",ASTURIANA,6,https://scrape.codeworks.es/imgs/1/026633e72a032de1619222bca6bc3c75.jpg,2023-03-11,10.68,1.78,PRODUCTOS CATALANES,1,MERCADONA
D70-10-01,24138,PASCUAL LECHE ENTERA UHT CON CALCIO BRIK 1 L,1 L,1 L,PASCUAL,1,https://scrape.codeworks.es/imgs/10/00120911600136____15__325x325.jpg,2023-03-11,1.72,1.59,EL MEJOR PRECIO,10,ECI
D70-10-02,24160,ASTURIANA LECHE ENTERA SIN LACTOSA 100% INGREDIENTES NATURALES BRIK 1 L,1 L,1 L,ASTURIANA,1,https://scrape.codeworks.es/imgs/10/00120912000518____18__325x325.jpg,2023-03-11,1.3,1.3,EL MEJOR PRECIO,10,ECI
D70-10-03,24028,PULEVA LECHE ENTERA ECOLÓGICA BRIK 1 L,1 L,1000ML,PULEVA,1,https://scrape.codeworks.es/imgs/10/00120914000011____11__325x325.jpg,2023-03-11,1.53,1.59,"ABANS 1,55€",10,ECI
D70-10-04,24198,"PULEVA LECHE FRESCA ENTERA BOTELLA 1,5 L","1,50 L",1 L,PULEVA,1,https://scrape.codeworks.es/imgs/10/00120911500104____19__325x325.jpg,2023-03-11,2.39,1.68,LA CESTA QUE ENAMORA,10,ECI
D70-10-05,24030,COVAP LECHE ENTERA BRIK 1 L,1 L,,COVAP,1,https://scrape.codeworks.es/imgs/10/00120912100193____17__325x325.jpg,2023-03-11,1.1,1.1,,10,ECI
D70-10-06,19190,"LECHE SIN LACTOSA CALCIO KAIKU, BRIK 1 LITRO",1 L,,KAIKU,1,https://scrape.codeworks.es/imgs/8/16857096.jpg,2023-03-08,1.59,,,8,EROSKI
D70-10-07,14827,"LECHE UHT 0,0% MATERIA GRASA ASTURIANA, BRIK 1 LITRO",1 L,180G,ASTURIANA,1,https://scrape.codeworks.es/imgs/7/322772_3.jpg,2023-03-12,1.14,1.78,PRECIO OFERTA,7,CAPRABO
D70-10-10,24236,"LECHE ENTERA SALUD INMUNE PASCUAL, BRIK 1 LITRO",1 L,,PASCUAL,1,https://scrape.codeworks.es/imgs/7/350475_3.jpg,2023-03-11,1.43,1.43,POR LA COMPRA DE 12 UNIDADES REGALO DE 1 BOLSA DE MAGDALENAS EL CORTE INGLÉS SELECTION DE 400 G,7,CAPRABO
D70-10-16,70125,LECHE ENTERA SALUD PASCUAL BRIK 1 L.,1 L,,PASCUAL,1,https://scrape.codeworks.es/imgs/2/z.jpg,2023-05-15,1.19,1.58,,2,"CARREFOUR
"
D70-11-03,61376,LECHE ENTERA DE CABRA PASTEURIZADA ECOLÓGICA CARREFOUR BIO 750 ML.,75 CL,1000ML,CARREFOUR,1,https://scrape.codeworks.es/imgs/2/721772_00_1.jpg,2023-03-20,3.09,,,2,"CARREFOUR
"
D70-20-00,23867,LECHE SEMIDESNATADA LLET NOSTRA 6 BRICKS X 1 L ,6 X 1 L,1 L, LLET NOSTRA,6,https://scrape.codeworks.es/imgs/1/c885e2b5149ebb54b494931d61041644.jpg,2023-03-11,7.44,1.78,"LLEVA 1 BOTELLA DE CACAO UHT CACAOLAT DE 1 L + 1 BRIK DE LECHE SEMIDESNATADA LETONA DE 1 L  POR 2,99 €",1,MERCADONA
D70-20-01,23871,LECHE SEMIDESNATADA CALCIO PULEVA 6 BRICKS X 1 L ,6 X 1 L,1 L,PULEVA,6,https://scrape.codeworks.es/imgs/1/8ac92b3c94c01f4fa77af5f64f5a4128.jpg,2023-03-11,9.54,1.3,OFERTA VÁLIDA HASTA EL 14/03/2023,1,MERCADONA
D70-20-02,24090,DELEITE GALEGO LECHE SEMIDESNATADA SIN LACTOSA UHT TIPO A2 BRIK 1 L,1 L,1 L,DELEITE,1,https://scrape.codeworks.es/imgs/10/00120912000864____3__325x325.jpg,2023-03-11,1.05,1.3,PRODUCTOS DE NAVARRA,10,ECI
D70-20-03,24064,EL CORTE INGLES BIO LECHE SEMIDESNATADA UHT ECOLÓGICA BRIK 1 L,1 L,1000ML,EL CORTE INGLES,1,https://scrape.codeworks.es/imgs/10/00120914000110____2__325x325.jpg,2023-03-11,1.12,1.59,PRODUCTOS CATALANES,10,ECI
D70-20-04,24199,PULEVA LECHE FRESCA SEMIDESNATADA BOTELLA 1 L,1 L,1 L,PULEVA,1,https://scrape.codeworks.es/imgs/10/00120911501110____4__325x325.jpg,2023-03-11,1.62,1.62,PRODUCTOS CATALANES,10,ECI
D70-20-06,24148,KAIKU SIN LACTOSA LECHE SEMIDESNATADA ENRIQUECIDA CON CALCIO + VITAMINA D SIN LACTOSA BRIK 1 L,1 L,,KAIKU,1,https://scrape.codeworks.es/imgs/10/00120911600698____7__325x325.jpg,2023-03-11,1.59,1.65,PICTO OFERTA,10,ECI
D70-20-10,24062,"PASCUAL LECHE SALUD SEMIDESNATADA UHT CON VITAMINAS A, D, B12, B6, B9, ZINC Y SELENIO BRIK 1 L",1 L,,PASCUAL,1,https://scrape.codeworks.es/imgs/10/00120912200753____9__325x325.jpg,2023-03-11,1.49,1.12,5€ DE DESCUENTO POR COMPRA SUPERIOR A 20€. INTRODUCE CUPÓN SUPERPASCUAL AL FINALIZAR TU PEDIDO. EXCLUSIVO ONLINE.,10,ECI
D70-20-11,59967,PULEVA LLET SENSE LACTOSA SEMIDESNATADA ECO EN CARTRÓ 1L ,1 L,,PULEVA,1,https://scrape.codeworks.es/imgs/4/a355f2da-d3d1-4a44-a9c4-76e3373c54cf.jpg,2023-03-16,1.62,1.56,SUPER PRECIO,4,BON PREU
D70-20-12,24200,PULEVA LECHE FRESCA SEMIDESNATADA ECOLÓGICA BOTELLA 1 L,1 L,,PULEVA,1,https://scrape.codeworks.es/imgs/10/00120911501136____4__325x325.jpg,2023-03-11,1.62,,.,10,ECI
D70-20-13,16358,LECHE SEMIDESNATADA ULTRAFILTRADA SUPREMA CENTRAL LECHERA ASTURIANA SIN LACTOSA BRIK 1 L.,1 L,,CENTRAL LECHERA ASTURIANA,1,https://scrape.codeworks.es/imgs/2/328791_00_1.jpg,2023-03-18,1.35,1.35,SUPER PRECIO,2,"CARREFOUR
"
D70-20-14,59972,TERRA I TAST LLET FRESCA SEMIDESNATADA SENSE LACTOSA EN AMPOLLA 1L ,1 L,,TERRA I TAST,1,https://scrape.codeworks.es/imgs/4/3e53d3b3-3f57-48cf-9a69-bf54618116ba.jpg,2023-03-16,2.15,,,4,BON PREU
D70-20-15,15159,"LECHE SEMIDESNATADA  NATURFIBRA ASTURIANA, BRIK 1 LITRO",1 L,,ASTURIANA,1,https://scrape.codeworks.es/imgs/7/51719_3.jpg,2023-03-14,1.59,1.59,,7,CAPRABO
D70-20-16,73246,LECHE SEMIDESNATADA SALUD PASCUAL BRIK 1 L.,1 L,,PASCUAL,1,https://scrape.codeworks.es/imgs/2/601788_00_1.jpg,2023-05-27,1.58,,,2,"CARREFOUR
"
D70-20-18,101541,"CENTRAL LECHERA ASTURIANA LECHE SEMIDESNATADA DE VACA, ULTRAFILTRADA Y SIN LACTOSA  SUPREMA 6 X 1 L.",1 L,6000ML,CENTRAL LECHERA ASTURIANA,1,https://scrape.codeworks.es/imgs/6/61f2e6e2-5360-462c-b593-1d5ff037c252.jpg,2024-02-17,9.0,,,6,ALCAMPO
D70-21-00,19324,COVAP LECHE SEMIDESNATADA DE CABRA ENVASE 1 LT,1 L,1 L,COVAP,1,https://scrape.codeworks.es/imgs/5/10910573625374.jpg,2023-03-12,1.97,,COSTE SERVICIO GRATIS. COMPRA 15€ EN SELECCIÓN LACTALIS.,5,DIA
D70-21-03,6733,LECHE SEMIDESNATADA DE CABRA ECOLÓGICA SANTA GADEA 1 L.,1 L,1000ML,SANTA GADEA,1,https://scrape.codeworks.es/imgs/6/10649497698334.jpg,2023-03-16,3.83,,OFERTA VÁLIDA HASTA EL 18/04/2023,6,ALCAMPO
D70-22-00,59161,GAZA LLET SEMIDESNATADA DOVELLA EN CARTRÓ 1L ,1 L,1000ML,GAZA,1,https://scrape.codeworks.es/imgs/4/9297b818-a003-4f1a-810e-b375004c1209.jpg,2023-03-20,2.3,,,4,BON PREU
D70-22-01,19081,"LECHE DE OVEJA PASTEURIZADA ULTZAMA, BOTELLA 1 LITRO",1 L,,ULTZAMA,1,https://scrape.codeworks.es/imgs/8/3700218.jpg,2023-03-18,4.72,,,8,EROSKI
D70-22-02,11680,LECHE SEMIDESNATASA SIN GLUTEN Y SIN LACTOSA LA COLMENAÑERA 6 X 1 L.,6 X 1 L,,LA COLMENAREÑA,6,https://scrape.codeworks.es/imgs/6/9457345101854.jpg,2023-03-16,9.0,,,6,ALCAMPO
D70-22-03,11664,LECHE DE OVEJA SEMIDESNATADA DE ORIGEN ESPAÑOL COVAP 1 L.,1 L,,COVAP,1,https://scrape.codeworks.es/imgs/6/11331281747998.jpg,2023-03-15,2.19,,,6,ALCAMPO
D70-30-00,23877,LECHE DESNATADA LLET NOSTRA 6 BRICKS X 1 L ,6 X 1 L,1 L, LLET NOSTRA,6,https://scrape.codeworks.es/imgs/1/05f639873af1b7e75d8b68c161493bc4.jpg,2023-03-11,7.44,1.78,PRODUCTOS CATALANES,1,MERCADONA
D70-30-01,23879,LECHE DESNATADA CALCIO PULEVA 6 BRICKS X 1 L ,6 X 1 L,1 L,PULEVA,6,https://scrape.codeworks.es/imgs/1/d29b4c313e2c1ec08b5b130fc460746b.jpg,2023-03-11,9.54,1.3,OFERTA VÁLIDA HASTA EL 14/03/2023,1,MERCADONA
D70-30-02,24159,ASTURIANA SUPREMA LECHE DESNATADA SIN LACTOSA SIN MATERIA GRASA CON CALCIO BRIK 1 L,1 L,1 L,ASTURIANA,1,https://scrape.codeworks.es/imgs/10/00120912000641____8__325x325.jpg,2023-03-11,1.3,1.3,PRECIO OFERTA,10,ECI
D70-30-03,24108,PULEVA LECHE DESNATADA ECOLÓGICA BRIK 1 L,1 L,1000ML,PULEVA,1,https://scrape.codeworks.es/imgs/10/00120914200017____11__325x325.jpg,2023-03-11,1.53,1.59,PRODUCTO ECOLÓGICO,10,ECI
D70-30-04,24201,PULEVA LECHE FRESCA DESNATADA BOTELLA 1 L,1 L,1000ML,PULEVA,1,https://scrape.codeworks.es/imgs/10/00120911501128____3__325x325.jpg,2023-03-11,1.62,1.62,.,10,ECI
D70-30-05,23576,LECHE +PROTEÍNAS DESNATADA HACENDADO 6 BRICKS X 1 L ,6 X 1 L,1 L,HACENDADO,6,https://scrape.codeworks.es/imgs/1/d01ead9f973633673849aeddb8b85a36.jpg,2023-03-12,7.5,,,1,MERCADONA
D70-30-06,24144,PASCUAL LECHE DESNATADA UHT CON CALCIO SIN LACTOSA BRIK 1 L,1 L,,PASCUAL,1,https://scrape.codeworks.es/imgs/10/00120911600912____15__325x325.jpg,2023-03-11,1.72,1.3,"ABANS 1,55€",10,ECI
D70-30-07,24243,"LECHE UHT 0,0% MATERIA GRASA ASTURIANA, BOTELLA 1,5 LITROS","1,50 L",576ML,ASTURIANA,1,https://scrape.codeworks.es/imgs/7/335137_3.jpg,2023-03-11,1.78,1.78,"LLEVA 6 BRIKS DE LECHE UHT ASTURIANA DE 1 L + 1 GARRAFA DE ACEITE MAESTROS DE HOJIBLANCA EL NUESTRO DE 3 L POR 26,45 €",7,CAPRABO
D70-30-08,15779,ASTURIANA LECHE DESNATADA SIN LACTOSA 0% MATERIA GRASA 100% INGREDIENTES NATURALES BRIK 1 L,1 L,250ML,ASTURIANA,1,https://scrape.codeworks.es/imgs/10/00120912000310____29__325x325.jpg,2023-03-11,1.3,1.3,CLUB ALCAMPO 15% DTO ACUMULADO EN TU TARJETA,10,ECI
D70-30-10,24109,PULEVA LECHE DESNATADA CON VITAMINA A+D BRIK 1 L,1 L,,PULEVA,1,https://scrape.codeworks.es/imgs/10/00120912300306____14__325x325.jpg,2023-03-18,1.09,1.13,.,10,ECI
D70-30-13,24240,"LECHE DESNATADA SUPREMA ASTURIANA, BRIK 1 LITRO",1 L,,ASTURIANA,1,https://scrape.codeworks.es/imgs/7/335478_3.jpg,2023-03-11,1.3,1.3,"ABANS 1,3€",7,CAPRABO
D70-30-16,70131,LECHE DESNATADA SALUD PASCUAL BRIK 1 L.,1 L,,PASCUAL,1,https://scrape.codeworks.es/imgs/2/599312_00_1.jpg,2023-05-15,1.14,,,2,"CARREFOUR
"
D70-30-17,70104,LECHE DESNATADA PROTEÍNAS BIENATUR CLESA SIN LACTOSA BRIK 1 L.,1 L,1000ML,CLESA,1,https://scrape.codeworks.es/imgs/2/z.jpg,2023-05-15,0.9,1.65,CLUB ALCAMPO 30% DTO ACUMULADO EN TU TARJETA,2,"CARREFOUR
"
D70-30-18,78843,LECHE DESNATADA SUPREMA CENTRAL LECHERA ASTURIANA BRIK 1 L,1 L,6000ML,CENTRAL LECHERA ASTURIANA,1,https://scrape.codeworks.es/imgs/5/250631_iso_0_es.jpg,2023-07-20,1.34,1.3,,5,DIA
D70-30-19,72040,LECHE DESNATADA OMEGA3 PULEVA   BRIK 1 LT,1 L,,PULEVA,1,https://scrape.codeworks.es/imgs/5/30052_iso_0_es.jpg,2023-05-26,1.9,,5€ DE DESCUENTO POR COMPRA SUPERIOR A 20€. INTRODUCE CUPÓN SUPERPASCUAL AL FINALIZAR TU PEDIDO. EXCLUSIVO ONLINE.,5,DIA
D70-40-00,11599,LA LECHERA LECHE CONDENSADA BOTE 450 GR,450 G,1 KG,LA LECHERA,1,https://scrape.codeworks.es/imgs/5/11348921843742.jpg,2023-03-12,3.55,3.95,"ABANS 3,95€",5,DIA
D70-40-01,23912,LECHE CONDENSADA ENTERA NUTRICIA BOTE 1 KG,1 KG,1 KG,NUTRICIA,1,https://scrape.codeworks.es/imgs/1/c064aa650adc8fe437e401e5d99ae92e.jpg,2023-03-11,4.0,2.79,2ª UNIDAD -50 %,1,MERCADONA
D70-40-03,23915,LECHE CONDENSADA DESNATADA NUTRICIA BOTE 450 G,450 G,450 G,NUTRICIA,1,https://scrape.codeworks.es/imgs/1/378e68150bf952abd1e5dcae51adb3c5.jpg,2023-03-11,2.95,3.55,PICTO OFERTA,1,MERCADONA
D70-40-13,73933,LA LECHERA LECHE CONDENSADA DESNATADA SIN LACTOSA BOTELLA 450 G,450 G,,LA LECHERA,1,https://scrape.codeworks.es/imgs/10/00120911200671____9__325x325.jpg,2023-05-27,3.99,2.81,2ª UNIDAD AL 50% DE DESCUENTO,10,ECI
D70-50-01,61202,LECHE EN POLVO ENTERA CENTRAL LECHERA ASTURIANA 800 G.,800 G,,CENTRAL LECHERA ASTURIANA,1,https://scrape.codeworks.es/imgs/2/079304_00_1.jpg,2023-03-20,9.28,,,2,"CARREFOUR
"
D70-50-03,23883,LECHE EN POLVO DESNATADA PAQUETE 700 G,1 KG,700 G,HACENDADO,1,https://scrape.codeworks.es/imgs/1/c5a10ef3f2e98328d7a642bf6dd3f9e0.jpg,2023-03-11,5.26,10.8,2ª UNIDAD -70 %,1,MERCADONA
D70-60-00,23875,BEBIDA LÁCTEA OMEGA 3 PULEVA CON LECHE DESNATADA 6 BRICKS X 1 L ,6 X 1 L,1 L,PULEVA,6,https://scrape.codeworks.es/imgs/1/6a142970a1993fc0a1314730f4cfe1a8.jpg,2023-03-11,11.34,1.89,OFERTA,1,MERCADONA
D70-60-02,24173,PULEVA BEBIDA LÁCTEA ELABORADA CON LECHE DESNATADA SIN LACTOSA SIN GLUTEN CON OMEGA 3 BRIK 1 L,1 L,,PULEVA,1,https://scrape.codeworks.es/imgs/10/00120912000419____11__325x325.jpg,2023-03-11,2.0,1.95,PRECIO OFERTA,10,ECI
D70-60-07,11665,"PREPARADO LACTEO DESNATADO, ENRIQUECIDO CON AVENA, ÁCIDO OLEICO Y OMEGA 3 PULEVA OMEGA 3 1 L.",1 L,,PULEVA  OMEGA 3,1,https://scrape.codeworks.es/imgs/6/12045548257310.jpg,2023-03-15,1.78,1.95,"ABANS 1,95€",6,ALCAMPO
D70-60-08,23881,BEBIDA LÁCTEA OMEGA 3 PULEVA CON NUECES Y LECHE DESNATADA 6 BRICKS X 1 L ,6 X 1 L,1 L,PULEVA,6,https://scrape.codeworks.es/imgs/1/03c9fed3549d9711460cffdd7a8fc915.jpg,2023-03-11,11.7,1.95,PRECIO OFERTA,1,MERCADONA
D70-60-09,12488,"PREPARADO LACTEO DESNATADO, ENRIQUECIDO CON ALMENDRAS, ÁCIDO OLEICO Y OMEGA 3 PULEVA OMEGA 3 1 L.",1 L,,PULEVA  OMEGA 3,1,https://scrape.codeworks.es/imgs/6/12045548453918.jpg,2023-03-15,1.78,1.95,OFERTA VÁLIDA HASTA EL 02/05/2023,6,ALCAMPO
D70-70-00,24209,PRIEGOLA SIMBIOTIC DRINK BEBIDA A BASE DE LECHE FERMENTADA SIMBIOTICA CON PROBIÓTICOS Y PREBIÓTICOS ENVASE 500 ML,50 CL,600G,PRIEGOLA,1,https://scrape.codeworks.es/imgs/10/00120911500732____10__325x325.jpg,2023-03-11,2.39,,PRODUCTO EN FOLLETO (17/08/23_29/08/23),10,ECI
D70-70-03,90475,CASA GRANDE DE XANCEDA LECHE FERMENTADA ECOLÓGICA CON LCASEI Y SABOR A VAINILLA CASA GRANDE DE XANCEDA 165 G.,165 G.,165G,CASA GRANDE DE XANCEDA,1,https://scrape.codeworks.es/imgs/def/noimage.jpg,2023-10-28,1.05,,,6,ALCAMPO
D70-70-05,20930,"LECHE FERMENTADA ENRIQUECIDA PROTEINAS REINA, TARRINA 180 G",180 G,330ML,ECI,1,https://scrape.codeworks.es/imgs/8/19262997.jpg,2023-03-08,1.09,2.65,3X2,8,EROSKI
D70-70-10,20951,"LECHE FERMENTADA DESNAT. NATURAL EDULCORADO DANONE, PACK 4X120 G",4 X 120 G,576ML,DANONE,1,https://scrape.codeworks.es/imgs/8/798405.jpg,2023-03-08,1.89,,COSTE SERVICIO GRATIS. COMPRA 18€ EN SELECCIÓN DANONE.,8,EROSKI
D70-70-11,20892,"LECHE FERMENTADA DESNAT. NATURAL DANONE VITALÍNEA, PACK 4X120 G",4 X 120 G,,DANONE,4,https://scrape.codeworks.es/imgs/8/204529.jpg,2023-03-08,1.89,,,8,EROSKI
D70-70-15,16495,"LECHE FERMENTADA DESNATADA CON TROZOS DE FRUTAS DE FRESA, PIÑA Y FRUTAS DEL BOSQUE SIN AZÚCAR AÑADIDO CARREFOUR PACK DE 12 UNIDADES DE 125 G.",125 G,576ML,CARREFOUR,1,https://scrape.codeworks.es/imgs/2/553826_00_1.jpg,2023-03-09,2.99,,CLUB ALCAMPO 15% DTO ACUMULADO EN TU TARJETA,2,"CARREFOUR
"
D70-70-30,20906,"LECHE FERMENTADA LÍQUIDA SABOR FRESA DANONE, BOTELLA 550 G",550 G,165G,DANONE,1,https://scrape.codeworks.es/imgs/8/17001116.jpg,2023-03-08,2.29,,2ª UNIDAD -70 %,8,EROSKI
D70-70-31,20893,"LECHE FERMENTADA BEBER SABOR FRESA-PLÁTANO DANONE, BOTELLA 550 G",550 G,,DANONE,1,https://scrape.codeworks.es/imgs/8/17001140.jpg,2023-03-08,2.29,,2ª UNIDAD -70 %,8,EROSKI
D71-00-00,5783,HUEVOS FRESCOS DE CATEGORIA A Y CLASE M PRODUCTO ALCAMPO 12 UDS.,PAQUETE,12 UD.,ALCAMPO,1,https://scrape.codeworks.es/imgs/6/11316536672286.jpg,2023-03-12,2.25,1.95,OFERTA VÁLIDA HASTA EL 14/03/2023,6,ALCAMPO
D72-10-00,7018,MANTEQUILLA SIN SAL ECOLÓGICO PRÉSIDENT 250 G.,250 G,250 G,PRÉSIDENT,1,https://scrape.codeworks.es/imgs/6/11393240596510.jpg,2023-03-12,5.5,4.49,REGALO EXCLUSIVO ONLINE: PASCUAL,6,ALCAMPO
D72-20-00,24758,TULIPAN MARGARINA ORIGINAL SIN ACEITE DE PALMA SIN GLUTEN TARRINA 400 G,400 G,500 G,PAN,1,https://scrape.codeworks.es/imgs/10/00118815200839____4__325x325.jpg,2023-03-15,2.95,2.65,"1,99 €/UD",10,ECI
D73-00-00,7272,POSTRE VEGETAL CON ALMENDRAS Y FRESAS ABBOT KINNEY´S 400 G,400 G,,ABBOT KINNEY´S,1,https://scrape.codeworks.es/imgs/6/11156448804894.jpg,2023-05-02,3.41,,CLUB ALCAMPO 15% DTO ACUMULADO EN TU TARJETA,6,ALCAMPO
D73-10-00,23725,FLAN DE CAFÉ HACENDADO 4 UD. X 100 G ,4 UD X 100 G,190 G,HACENDADO,1,https://scrape.codeworks.es/imgs/1/47c3989658fff1910d587ce9878d1e0d.jpg,2023-03-11,1.75,3.09,EL MEJOR PRECIO,1,MERCADONA
D73-20-00,14893,"NATILLAS DE HUEVO EROSKI SELEQTIA, TARRO DE BARRO 140 G",140 G,6 SOBRES (192 G),EROSKI,1,https://scrape.codeworks.es/imgs/7/334120_3.jpg,2023-03-12,1.29,3.15,EROSKI SELEQTIA,7,CAPRABO
D73-30-00,24231,ULTZAMA LECHE DE OVEJA FRESCA PASTERIZADA DE LA MONTAÑA NAVARRA BOTELLA 1 L KIZKILURRIN HOMOGENEIZADA PARA LA ELABORACIÓN DE CUAJADA SABOR A QUEMADO,1 L,4 SOBRES (48 G),ULTZAMA,1,https://scrape.codeworks.es/imgs/10/00120911500237____7__325x325.jpg,2023-03-11,6.95,1.25,2ª UD 50%,10,ECI
D73-40-00,81257,"CREMA CATALANA GOSHUA, PACK 2X100 G",100 G,,CATALANA,1,https://scrape.codeworks.es/imgs/8/17138389.jpg,2023-07-25,3.06,,2ª UNIDAD -50 %,8,EROSKI
D73-50-00,61374,NATA PARA MONTAR CENTRAL LECHERA ASTURIANA 200 ML.,1 L,500 ML,CENTRAL LECHERA ASTURIANA,1,https://scrape.codeworks.es/imgs/2/057726_00_1.jpg,2023-03-20,1.54,1.54,2ª UNIDAD -70 %,2,"CARREFOUR
"
D74-00-00,7013,"YOGUR CREMOSO DE VAINILLA ECOLÓGICO, 0% MATERIA GRASA, XANCEDA 2 UDS. DE 125 G.",125 G,1 KG,CASA GRANDE DE XANCEDA,1,https://scrape.codeworks.es/imgs/6/10721035321374.jpg,2023-03-12,2.09,1.65,OFERTA,6,ALCAMPO
D75-10-00,23898,BATIDO DE CACAO CACAOLAT BOTELLA 1 L,1 L,1 L,CACAOLAT,1,https://scrape.codeworks.es/imgs/1/57a72abdb932fd8de4409bd9f284a784.jpg,2023-03-11,2.5,3.15,PRODUCTOS CATALANES,1,MERCADONA
D75-20-00,23902,BATIDO SABOR FRESA HACENDADO BOTELLA 1 L,1 L,1 L,HACENDADO,1,https://scrape.codeworks.es/imgs/1/26afc175f1198a7e222963bbc727fd96.jpg,2023-03-11,1.3,1.81,.,1,MERCADONA
D75-30-00,23901,BATIDO SABOR VAINILLA HACENDADO BOTELLA 1 L,1 L,1 L,HACENDADO,1,https://scrape.codeworks.es/imgs/1/fc6008c7edf9fe7a4600ecb22491812c.jpg,2023-03-11,1.3,2.15,.,1,MERCADONA
D75-40-00,15062,PROVAMEL BATIDO SOJA SIN AZÚCAR 1L,1 L,1000ML,PROVAMEL,1,https://scrape.codeworks.es/imgs/7/23705_3.jpg,2023-03-12,2.19,,50% DESCUENTO EN LA 2ª UNIDAD,7,CAPRABO
D76-00-01,23652,BEBIDA DE ALMENDRAS ZERO HACENDADO 6 BRICKS X 1 L ,6 BRICKS X 1 L,1 L,HACENDADO,1,https://scrape.codeworks.es/imgs/1/aec4b706857dad31bf8bbeb0d3c0462a.jpg,2023-03-12,8.7,2.39,2A UNITAT 50% DE DESCOMPTE,1,MERCADONA
D76-00-02,23729,BEBIDA DE AVENA CON CAFÉ HACENDADO VASO 250 ML,VASO,250 ML,HACENDADO,1,https://scrape.codeworks.es/imgs/1/5ac67c9839f165f5f4b42190182d9648.jpg,2023-03-11,0.9,2.39,2A UNITAT 50% DE DESCOMPTE,1,MERCADONA
D76-00-03,23051,BEBIDA DE COCO Y ARROZ SIN AZÚCARES AÑADIDOS HACENDADO 6 BRICKS X 1 L ,6 BRICKS X 1 L,1 L,HACENDADO,1,https://scrape.codeworks.es/imgs/1/5c50297c46ae411c9656cbe6d5de726c.jpg,2023-03-12,9.0,2.69,2A UNITAT 50% DE DESCOMPTE,1,MERCADONA
D76-00-04,23730,BEBIDA DE SOJA SABOR CAFÉ HACENDADO BRICK 1 L,1 L,1 L,HACENDADO,1,https://scrape.codeworks.es/imgs/1/0f128d538d8374e6d3ea1fa44c29e610.jpg,2023-03-11,1.25,1.85,"ABANS 10,74€",1,MERCADONA
D76-00-05,23000,BEBIDA DE ARROZ SIN AZÚCARES AÑADIDOS HACENDADO 6 BRICKS X 1 L ,6 BRICKS X 1 L,1 L,HACENDADO,1,https://scrape.codeworks.es/imgs/1/29ec26e8380aa9f45426c4cb3c65cd23.jpg,2023-03-12,6.6,2.64,OFERTA VÁLIDA HASTA EL 27/03/2023,1,MERCADONA
D76-00-06,70168,BEBIDA DE AVELLANAS ALPRO0 CENTRAL LECHERA ASTURIANA BRIK 1 L.,1 L,205ML,CENTRAL LECHERA ASTURIANA,1,https://scrape.codeworks.es/imgs/2/911886_00_1.jpg,2023-05-15,1.99,,CLUB ALCAMPO 10% DTO ACUMULADO EN TU TARJETA,2,"CARREFOUR
"
D80-00-10,23969,MAYONESA HACENDADO TARRO 500 ML,TARRO,500 ML,HACENDADO,1,https://scrape.codeworks.es/imgs/1/96cd4be5151db66433e34b5c8c684bc1.jpg,2023-03-11,1.35,3.69,3X2,1,MERCADONA
D80-00-20,23983,KETCHUP HACENDADO BOTE 600 G,BOTE,600 G,HACENDADO,1,https://scrape.codeworks.es/imgs/1/560d3c1a007e5ab9c97cc0bb2b23b206.jpg,2023-03-11,1.3,3.99,3X2,1,MERCADONA
D80-00-30,23986,MOSTAZA DULCE HACENDADO BOTE 330 G,BOTE,330 G,HACENDADO,1,https://scrape.codeworks.es/imgs/1/fa2481b1f0ef08eaa04ab93e13105956.jpg,2023-03-11,1.4,3.39,3X2,1,MERCADONA
D80-00-40,10442,BUITONI FORNO DI PIETRA BARBACOA PIZZA CON CARNE BACON Y SALSA BARBACOA ESTUCHE 325 G,325 G,350 G,BUITONI,1,https://scrape.codeworks.es/imgs/10/00118950101982____8__325x325.jpg,2023-03-12,4.39,2.83,2ª UNIDAD AL 50% DE DESCUENTO,10,ECI
D80-00-50,80080,HEINZ SALSA ANDALOUSE ENVASE 220 ML,,,HEINZ,1,https://scrape.codeworks.es/imgs/10/00118017605587____9__325x325.jpg,2023-07-20,2.49,,"COMPRANDO 2, LA 2ª UNIDAD SALE A 1,25 €.",10,ECI
D80-00-60,72259,SALSA AGRIDULCE YANG-TSE   FRASCO 200 GR,200 G,340 G,YANG-TSE,1,https://scrape.codeworks.es/imgs/5/211072_iso_0_es.jpg,2023-05-26,1.85,,,5,DIA
D80-10-00,8035,"SOFRITO DE TOMATE Y CEBOLLA GALLINA BLANCA, FRASCO 350 G",350 G,300 G,GALLINA BLANCA,1,https://scrape.codeworks.es/imgs/8/10835775.jpg,2023-03-23,2.25,2.3,2ª UNIDAD AL 50% DE DESCUENTO,8,EROSKI
D80-10-01,14611,"TOMATE FRITO CASERO GALLINA BLANCA, FRASCO 350 G",350 G,560 G,GALLINA BLANCA,1,https://scrape.codeworks.es/imgs/7/337290_3.jpg,2023-03-12,2.25,3.19,2ª UNIDAD -50 %,7,CAPRABO
D80-10-02,19745,"TOMATE NATURAL ESPECIAL PASTA CIRIO, FRASCO 350 G",350 G,,ECI,1,https://scrape.codeworks.es/imgs/8/24796781.jpg,2023-03-10,1.4,1.99,REGALO DE 5 € POR COMPRA SUPERIOR A 15 € PARA TU PRÓXIMA COMPRA. EXCLUSIVO ONLINE,8,EROSKI
D80-10-03,72174,TOMATE TRITURADO VEGECAMPO  LATA 780 GR,780 G,,VEGECAMPO,1,https://scrape.codeworks.es/imgs/5/13105_iso_0_es.jpg,2023-05-26,1.05,,,5,DIA
D80-10-04,72185,TOMATE TROCEADO VEGECAMPO  LATA 390 GR,390 G,,VEGECAMPO,1,https://scrape.codeworks.es/imgs/5/10687_iso_0_es.jpg,2023-05-26,0.89,,,5,DIA
D80-20-00,14715,GALLO SALSA PARA PASTA BOLOÑESA GALL,190 G,,GALLO,1,https://scrape.codeworks.es/imgs/7/350436_3.jpg,2023-03-12,2.85,3.29,70% DESCUENTO EN LA 2ª UNIDAD,7,CAPRABO
D80-20-01,23230,SALSA BOLOÑESA HACENDADO TARRO 300 G,TARRO,300 G,HACENDADO,1,https://scrape.codeworks.es/imgs/1/4059df8a464ad75c9360be8780c7a4c9.jpg,2023-03-12,1.2,2.49,PICTO OFERTA,1,MERCADONA
D80-20-02,15916,SALSA PESTO GENOVESE FRASCO 180 GR,180 G,120G,GAROFALO,1,https://scrape.codeworks.es/imgs/9/7352636_001.jpg,2023-02-25,3.59,3.25,2ª UNIDAD -50 %,9,CONSUM
MAS-00-00,76696,ALIMENTO PARA COBAYAS VITAKRAFT 1 KILOGRAMO,1 KG,1 KG,VITAKRAFT,1,https://scrape.codeworks.es/imgs/6/d0b6cd91-baf1-462a-b7ec-a50d77d5510c.jpg,2023-07-13,3.32,9.95,4X3,6,ALCAMPO
MAS-10-10,20318,"PIPETA REPELENTE CON ACEITES PARA PERRO DIXIE, PACK 3 UDS.",25 CL,250 ML,DIXIE,1,https://scrape.codeworks.es/imgs/8/6733331.jpg,2023-03-08,12.59,12.59,"10,07 €/UD",8,EROSKI
MAS-10-20,76772,PATÉ PERRO JÚNIOR DELIKUIT CON TERNERA Y LECHE TARRINA 150 G,TARRINA,150 G,DELIKUIT,1,https://scrape.codeworks.es/imgs/1/26463f4d76caab3672d0c5344ce71b34.jpg,2023-07-14,0.85,3.4,"COMPRANDO 2, LA 2ª UNIDAD SALE A 5,95 €.",1,MERCADONA
MAS-10-21,77452,TASTE OF THE WILD SIERRA MOUNTAIN COMIDA HÚMEDA PARA PERROS ADULTOS CON CORDERO GRAIN FREE LATA 390 G,390 G,,TASTE OF THE WILD,1,https://scrape.codeworks.es/imgs/10/00149510167767____3__325x325.jpg,2023-07-15,3.49,1.5,"COMPRANDO 2, LA 2ª UNIDAD SALE A 2,09 €.",10,ECI
MAS-10-22,77488,ROYAL CANIN MOTHER&BABYDOG COMIDA HÚMEDA PARA PERRAS Y PERROS CACHORROS EN MOUSSE LATA 195 G,195 G,,ROYAL CANIN,1,https://scrape.codeworks.es/imgs/10/00149510164343____6__325x325.jpg,2023-07-15,2.89,2.89,"COMPRANDO 2, LA 2ª UNIDAD SALE A 2 €.",10,ECI
MAS-10-23,77466,PURINA ONE MINI ACTIVE COMIDA HÚMEDA PARA PERROS TAMAÑO MINI CON BUEY ZANAHORIAS Y PATATAS 2 SOBRES 100 G CON PATO PASTA Y JUDÍAS VERDES 2 SOBRES 100 G,100 G,,PURINA ONE,1,https://scrape.codeworks.es/imgs/10/00121910100490____17__325x325.jpg,2023-07-15,3.15,1.5,"COMPRANDO 2, LA 2ª UNIDAD SALE A 5,24 €.",10,ECI
MAS-10-30,23305,AGUA DE COLONIA PARA PERROS Y GATOS KRISLIN SPRAY 250 ML,25 CL,250 ML,KRISLIN,1,https://scrape.codeworks.es/imgs/1/fe99f4efe81a4d9c2c4f51c19f4991d7.jpg,2023-03-12,3.4,4.99,"3,99 €/UD",1,MERCADONA
MAS-10-31,77642,KATAKAN CHAMPÚ PARA CACHORROS CON EXTRACTOS DE ALOE VERA ENVASE 400 ML,,,KATAKAN,1,https://scrape.codeworks.es/imgs/10/00121914400458____5__325x325.jpg,2023-07-15,3.49,5.59,"COMPRANDO 2, LA UNIDAD SALE A 3 €.",10,ECI
MAS-10-32,80123,SAN DIMAS COLONIA FRESCA PARA CACHORROS Y PERROS ADULTOS BOTE 150 ML,,,SAN DIMAS,1,https://scrape.codeworks.es/imgs/10/00149514401360____2__325x325.jpg,2023-07-20,5.99,,"COMPRANDO 2, LA 2ª UNIDAD SALE A 2,80 €.",10,ECI
MAS-10-60,61571,ULTIMA MENJAR DE GALL DINDI PER A GOS MEDIUM-MAXI 2.7KG ,"2,7 KG",4 KG,ULTIMA,1,https://scrape.codeworks.es/imgs/4/d5fedb66-cc0f-493e-9812-9dc87982bd6b.jpg,2023-03-21,16.95,17.95,2A UNITAT 50% DE DESCOMPTE,4,BON PREU
MAS-10-61,80172,"COMIDA  PARA PERRO ADULTO A BASE DE POLLO Y ARROZ ÚLTIMA SENIOR MEDIUM-MAXI AFFINITY 7,5 KILOGR,",3 KG.,1500G,ULTIMA,1,https://scrape.codeworks.es/imgs/6/877677d6-bfae-46d5-9eae-ca32952c5afb.jpg,2023-07-20,33.74,49.73,CLUB ALCAMPO 15% DTO ACUMULADO EN TU TARJETA,6,ALCAMPO
MAS-10-62,80196,PIENSO PARA PERROS CACHORRO A BASE DE CARNE Y CEREALES PRODUCTO ALCAMPO 10 KG.,10 KG.,,PRODUCTO ALCAMPO,1,https://scrape.codeworks.es/imgs/6/c6dfd104-1366-426a-bf25-085f736ab1ff.jpg,2023-07-20,15.99,1.59,CLUB ALCAMPO 15% DTO ACUMULADO EN TU TARJETA,6,ALCAMPO
MAS-10-95,22957,HUESOS DE CUERO CON POLLO Y ZANAHORIA COMPY PERRO ADULTO PAQUETE 2 UD. (120 G),PAQUETE,2 UD. (120 G),HACENDADO,1,https://scrape.codeworks.es/imgs/1/f29862bc2c2f87459f3d760d0abfa29c.jpg,2023-03-12,1.8,2.69,4X3,1,MERCADONA
MAS-20-10,76815,COLLAR ANTI-INSECTOS PERRO KRISLIN PAQUETE 1 UD.,PAQUETE,1 UD.,KRISLIN,1,https://scrape.codeworks.es/imgs/1/eed082d0b2b660a50c9c064cb203b86d.jpg,2023-07-14,2.5,,,1,MERCADONA
MAS-20-20,19764,"PESCADO-PASTA-TOMATE PARA GATO POESIE VITAKRAFT, TARRINA 85 G",85 G,400 G,VITAKRAFT,1,https://scrape.codeworks.es/imgs/8/19539790.jpg,2023-03-10,0.75,1.5,2ª UNIDAD -50 %,8,EROSKI
MAS-20-30,76853,ARENA PARA GATO ANTIBACTERIAS NUSKE PAQUETE 5 KG,5 KG,5 KG,NUSKE,1,https://scrape.codeworks.es/imgs/1/2391d7974190920d576ab7490642803e.jpg,2023-07-14,1.4,,,1,MERCADONA
MAS-20-31,77863,KATAKAN ARENA PARA GATOS ABSORBENTE ENVASE 7 L,6 KG,,KATAKAN,1,https://scrape.codeworks.es/imgs/10/00121914800301____1__325x325.jpg,2023-07-15,1.99,3.95,"COMPRANDO 2, LA 2ª UNIDAD SALE A 4,80 €.",10,ECI
MAS-20-60,61560,ULTIMA MENJAR DE GALL DINDI PER A GAT ESTERILITZAT BOLES DE PÈL 1.5KG ,"1,5 KG","1,5 KG",ULTIMA,1,https://scrape.codeworks.es/imgs/4/4a5ac9c7-a589-4a3b-8591-0ce6fed771e2.jpg,2023-03-21,9.95,1.6,2A UNITAT 50% DE DESCOMPTE,4,BON PREU
MAS-20-70,77668,ULTIMA LECHE BEBIDA PARA GATOS Y GATITOS DE FÁCIL DIGESTIÓN ENVASE 250 ML,25 CL,,ULTIMA,1,https://scrape.codeworks.es/imgs/10/00121910500293____10__325x325.jpg,2023-07-15,1.99,,CON REGALO DE 1 COMIDA HÚMEDA PARA GATOS ESTERILIZADOS ULTIMA FIT&DELICIOUS 85 G,10,ECI
MAS-20-90,14735,"PASTA DE MALTA ANTI BOLAS PARA GATO PHYTOSOIN, TUBO 100 G",100 G,,PYTHOSOIN,1,https://scrape.codeworks.es/imgs/7/333034_3.jpg,2023-03-12,5.09,,,7,CAPRABO
MAS-20-95,21000,"SNACK DELICIAS DE LECHE PM PARA GATO FÉLIX, BOLSA 60 G",60 G,70 G,FÉLIX,1,https://scrape.codeworks.es/imgs/8/21755889.jpg,2023-03-08,1.81,,3X2,8,EROSKI
N00-00-00,4308,BICENTURY SNACKS SABOR YOGUR Y CEREALES 6 UNIDADES ESTUCHE 120 G,120 G,,BICENTURY,1,https://scrape.codeworks.es/imgs/10/00120744401363____6__325x325.jpg,2023-03-12,2.99,4.85,50% DE REGALO POR COMPRAS SUPERIORES A 10 € PARA TU PRÓXIMA COMPRA,10,ECI
N10-10-01,4368,TORTITAS DE ARROZ VITALDAY GULLÓN SIN GLUTEN 130 G.,130 G,,GULLÓN,1,https://scrape.codeworks.es/imgs/def/noimage.jpg,2023-02-16,1.58,,,2,"CARREFOUR
"
N10-10-02,72843,TORTITAS DE ARROZ INTEGRAL NATURMUNDO  BOLSA 130 GR,130 G,,NATURMUNDO,1,https://scrape.codeworks.es/imgs/5/61475_iso_0_es.jpg,2023-05-26,1.29,,50% DE REGALO POR COMPRAS SUPERIORES A 10 € PARA TU PRÓXIMA COMPRA,5,DIA
N10-10-03,6685,TORTITAS DE ARROZ SIN SAL AÑADIDA ECOLÓGICAS SANTIVERI BIO 130 G.,130 G,,SANTIVERI BIO,1,https://scrape.codeworks.es/imgs/6/11537510858782.jpg,2023-02-18,1.37,,,6,ALCAMPO
N10-10-04,72921,"BICENTURY TORTITAS DE ARROZ CON SEMILLAS Y CEREALES BOLSA 111,8 G CHÍA, QUINOA, TRIGO SARRACENO, PIPAS DE CALABAZA Y LINO","111,8 G",,BICENTURY,1,https://scrape.codeworks.es/imgs/10/00120744904754____1__325x325.jpg,2023-05-26,2.35,,50% DE REGALO POR COMPRAS SUPERIORES A 10 € PARA TU PRÓXIMA COMPRA,10,ECI
N10-10-05,4443,DIA TORTITAS MINI DE MAIZ Y ARROZ SABOR JAMON PAQUETE 75 GR,75 G,,DIA,1,https://scrape.codeworks.es/imgs/5/9640393343006.jpg,2023-02-17,1.25,,,5,DIA
N10-10-06,6675,TORTITAS DE AVENA Y ARROZ GULLÓN VITALDAY 82 G.,82 G,,GULLÓN VITALDAY,1,https://scrape.codeworks.es/imgs/6/10569084796958.jpg,2023-02-18,1.59,,,6,ALCAMPO
N10-10-10,23859,TORTITAS DE MAÍZ HACENDADO PAQUETE 4 PACKS (120 G),PAQUETE,4 PACKS (120 G),HACENDADO,1,https://scrape.codeworks.es/imgs/1/ae6bf2190ba5f2fdb01e6742aafe9632.jpg,2023-03-11,1.1,1.83,2A UNITAT 50% DE DESCOMPTE,1,MERCADONA
N10-20-01,4430,BICENTURY TORTITA DE ARROZ CON CHOCOLATE NEGRO PAQUETE 130 GR,130 G,,BICENTURY,1,https://scrape.codeworks.es/imgs/5/11328176554014.jpg,2023-03-12,2.69,2.29,70% DESCUENTO EN LA 2ª UNIDAD,5,DIA
N10-20-02,23860,TORTITAS DE ARROZ CON CHOCOLATE BLANCO SABOR YOGUR HACENDADO PAQUETE 4 PACKS (120 G),PAQUETE,4 PACKS (120 G),HACENDADO,1,https://scrape.codeworks.es/imgs/1/dea888da84d58412c70b090f7c508842.jpg,2023-03-11,1.6,2.75,3X2,1,MERCADONA
N10-20-03,23630,TORTITAS DE ARROZ CON CHOCOLATE CON LECHE HACENDADO PAQUETE 4 PACKS (130 G),PAQUETE,4 PACKS (130 G),HACENDADO,1,https://scrape.codeworks.es/imgs/1/240e0fb44669fdcb51fc7b2f6940da60.jpg,2023-03-12,1.6,2.29,3X2,1,MERCADONA
N10-20-05,14638,"CHIPS GARBANZOS ACEITE.OLIVA-PIMENTÓN BICENTURY, BOLSA 55 G",55 G,,BICENTURY,1,https://scrape.codeworks.es/imgs/7/339952_3.jpg,2023-03-12,1.95,2.29,2ª UNIDAD -70 %,7,CAPRABO
N10-21-01,69085,"TORTITA DE MAÍZ CHOCOLATE NEGRO BICENTURY, PAQUETE 108 G",108 G,,BICENTURY,1,https://scrape.codeworks.es/imgs/7/359018_3.jpg,2023-05-12,2.55,,2ª UNIDAD -70 %,7,CAPRABO
N10-21-02,72923,BICENTURY TORTITAS DE MAÍZ CON CHOCOLATE BLANCO SABOR YOGUR SIN GLUTEN PACK 4X2 UNIDADES 108 G,108 G,,BICENTURY,1,https://scrape.codeworks.es/imgs/10/00120744905058____2__325x325.jpg,2023-05-26,2.25,,50% DE REGALO POR COMPRAS SUPERIORES A 10 € PARA TU PRÓXIMA COMPRA,10,ECI
N10-21-03,86593,"TORTITAS MAÍZ CON CHOCOLATE CON LECHE D. RADISSON, PAQUETE 125 G",125 G,,RADISSON,1,https://scrape.codeworks.es/imgs/7/284173_3.jpg,2023-08-23,3.15,,,7,CAPRABO
S00-00-00,58674,GALLINA BLANCA SALSA BEIXAMEL 0.039KG ,0039KG,,GALLINA BLANCA,1,https://scrape.codeworks.es/imgs/4/01a40e92-865f-4845-b974-c1407493988c.jpg,2023-03-16,1.35,2.65,2ª UNIDAD AL 50% DE DESCUENTO,4,BON PREU
W11-00-01,18369,SANEX DESODORANTE DERMO EXTRA CONTROL ROLL ON 50 ML,,,SANEX,1,https://scrape.codeworks.es/imgs/5/11246705704990.jpg,2023-03-12,1.75,,2ª UD 50%,5,DIA
W30-10-00,64011,SENSODYNE PASTA AMB FLUOR DENTS SENSIBLES 0.075L ,0075L,,SENSODYNE,1,https://scrape.codeworks.es/imgs/def/noimage.jpg,2023-04-21,3.85,10.15,"COMPRANDO 3, LA UNIDAD SALE A 3,33 €.",4,BON PREU
W30-10-01,23189,DENTÍFRICO TRIPLE ACCIÓN COLGATE CON FLÚOR TUBO 100 ML,TUBO,100 ML,COLGATE,1,https://scrape.codeworks.es/imgs/1/ff43c23e2d928d75df841aec96a613e4.jpg,2023-03-12,1.85,3.25,2ª UD 50%,1,MERCADONA
W50-01-00,21064,"LECHE PIELES SENSIBLES FLOWERS L`OREAL, DOSIFICADOR 400 ML",400 G,200ML,NIVEA,1,https://scrape.codeworks.es/imgs/8/19461979.jpg,2023-03-08,6.29,21.5,2ª UNIDAD -50 %,8,EROSKI
W50-02-00,14719,"PASTA DE DIENTES BLANQUEANTE ORAL-B PRO EXPERT, TUBO 75 ML",SPRAY,200 ML,ORAL-B,1,https://scrape.codeworks.es/imgs/7/299160_3.jpg,2023-03-12,3.29,3.19,70% DESCUENTO EN LA 2ª UNIDAD,7,CAPRABO
W50-03-00,73817,PIZ BUIN HYDRO INFUSION CREMA SOLAR FACIAL EN GEL SPF-30 50 ML,005L,,LAR,1,https://scrape.codeworks.es/imgs/10/00155758201150____9__325x325.jpg,2023-05-27,14.36,,2ª UNIDAD AL 50% DE DESCUENTO,10,ECI
W50-04-00,20428,"ACEITE LABIAL GINSENG 2 ESSENCE, PACK 1 UD",G 2,,ESSENCE,1,https://scrape.codeworks.es/imgs/8/24963977.jpg,2023-03-08,2.99,,3X2,8,EROSKI
W60-10-01,20645,"BARRA DE LABIOS COLOR SENSATIONAL 211 MAYBELLINE, PACK 1 UD.","4,2 G",,MAYBELLINE,1,https://scrape.codeworks.es/imgs/8/23484082.jpg,2023-03-08,5.99,,2ª UNIDAD -50 %,8,EROSKI
W90-10-00,15098,"AGUA DE COLONIA AGUA FRESCA ALVAREZ GÓMEZ, SPRAY 300 ML",BOTELLA,750 ML,ALVAREZ GÓMEZ,1,https://scrape.codeworks.es/imgs/7/345663_3.jpg,2023-03-12,6.89,9.3,3X2,7,CAPRABO
W90-20-00,16881,"HERVIDOR DE AGUA TAURUS VINTAGE RED, CAPACIDAD 1,7L, BASE 360°, POTENCIA 2200W.",50 CL,5 L,TAURUS  VINTAGE RED,1,https://scrape.codeworks.es/imgs/6/11337384722462.jpg,2023-03-12,29.9,4.65,EROSKI,6,ALCAMPO
ZZZ-ZZ-ZZ,10288,ACEITE EN CREMA OLIVA MÍTICA 200 ML,BANDEJA,80 G (50 G ESCURRIDO),ORIG.REMEDIS,1,https://scrape.codeworks.es/imgs/9/7239965_001.jpg,2023-03-23,3.0,0.79,PICTO OFERTA,9,CONSUM
